timestamp;response;Cpk;Cpk_class;Product_class;sum_sensor1;sum_sensor2;sum_sensor3;sum_sensor4;sum_sensor5;sum_sensor7;sum_sensor49
09:43:44;0.36;0.219035552;bad;good;917.6445;907.8;2330.7923;7559.511844;7579.1;1641.36944;33797
09:49:36;0.369;0.219560878;bad;good;904.572212;915.42;2406.4422;7555.6386;7565.81;1522.27998;30395
09:55:28;0.405;0.220458554;bad;good;917.5566;908.7;2331.1017;7539.661644;7570.92;1689.33624;30397
10:01:20;0.4176;0.220458554;bad;good;904.997241;921.3;2420.6665;7581.4109;7499.83;1605.14005;31875
10:07:12;0.441;0.220458554;bad;good;913.702;904.2;2345.0613;7627.637944;7681.73;1621.12629;32941
10:13:04;0.3906;0.220458554;bad;good;902.214383;913.5;2405.6336;7525.150089;7516.15;1588.12081;30922
10:18:56;0.414;0.220458554;bad;good;899.04953;912.9;2330.8302;7541.566289;7549.1;1640.7064;33369
10:24:48;0.4122;0.220458554;bad;good;920.398771;906.6;2405.4593;7540.019;7547.03;1570.58351;32455
10:30:40;0.387;0.220458554;bad;good;915.3133;904.5;2331.0246;7541.850344;7576.98;1644.50514;33349
10:36:32;0.396;0.220458554;bad;good;897.980618;917.1;2420.7737;7553.871;7497.31;1599.52087;32680
10:42:24;0.405;0.220458554;bad;good;908.26529;925.5;2345.4298;7710.349;7606.07;1620.95128;32416
10:48:16;0.378;0.220458554;bad;good;917.747522;906.9;2406.3963;7560.8108;7538;1580.07264;31823
10:54:08;0.3996;0.221354167;bad;good;916.9999;908.7;2404.7523;7578.7739;7582.58;1630.26998;32895
11:00:00;0.387;0.221354167;bad;good;909.3072;909.3;2330.4088;7609.985989;7560.21;1611.67506;32426
11:05:52;0.396;0.223139233;bad;good;918.772622;910.8;2420.9019;7540.0922;7531.27;1599.76193;32410
11:11:44;0.3816;0.223139233;bad;good;906.80052;923.1;2329.976;7673.4238;7619.11;1666.85376;31446
11:17:36;0.387;0.223139233;bad;good;902.534222;914.1;2406.0807;7554.3741;7506.61;1662.31606;32397
11:23:28;0.3996;0.223139233;bad;good;905.2917;921;2345.966;7534.012644;7535.66;1675.60459;31915
11:29:20;0.3672;0.224916133;bad;good;910.00914;925.8;2330.7588;7591.5285;7571.91;1591.86305;32888
11:35:12;0.4086;0.224916133;bad;good;918.52189;933.3;2421.0974;7594.3016;7565.71;1546.84884;33356
11:41:04;0.3996;0.224916133;bad;good;903.47548;918.3;2345.6419;7575.487644;7584;1619.85032;32421
11:46:56;0.396;0.224916133;bad;good;908.881011;925.44;2420.7931;7630.9335;7601.715;1607.30529;33334
11:52:48;0.423;0.224916133;bad;good;901.92084;914.7;2331.3431;7523.538944;7571.28;1593.47422;32351
11:58:40;0.396;0.224916133;bad;good;901.512461;917.4;2405.8161;7563.9794;7527.41;1625.21163;32265
12:04:32;0.4086;0.224916133;bad;good;904.94013;919.5;2345.1327;7586.474;7643.59;1668.75694;31970
12:10:24;0.4176;0.224916133;bad;good;903.327632;914.7;2406.4361;7512.54313;7517.37;1550.37681;31996
12:16:16;0.4176;0.224916133;bad;good;907.67945;925.5;2345.2047;7566.1755;7509.11;1698.84123;31680
12:22:08;0.423;0.224916133;bad;good;918.831222;906.3;2420.9913;7559.447;7553;1613.31155;31186
12:28:00;0.414;0.224916133;bad;good;912.11974;929.4;2345.8813;7576.577089;7592.63;1655.59541;31187
12:33:52;0.423;0.225794106;bad;good;912.794161;929.1;2331.2673;7479.226044;7560.56;1552.79116;31624
12:39:44;0.4176;0.225794106;bad;good;903.547292;914.4;2405.7609;7513.2114;7511.09;1598.50794;31074
12:45:36;0.4266;0.227255219;bad;good;904.88184;911.7;2346.0362;7538.049789;7555.3;1670.65551;31128
12:51:28;0.4266;0.227255219;bad;good;915.269822;901.5;2406.3777;7558.3391;7559.26;1574.70143;31591
12:57:20;0.4122;0.259112868;bad;good;906.11193;921;2331.0038;7496.218644;7525.58;1613.58811;31165
13:03:12;0.4266;0.259112868;bad;good;902.682912;918;2405.525;7563.895889;7501.39;1618.13588;31044
13:09:04;0.4266;0.550887021;bad;good;902.75765;918;2345.1463;7626.767944;7627.71;1640.57742;30548
13:14:56;0.4356;0.550887021;bad;good;891.388471;911.1;2330.4667;7561.0403;7531.67;1535.74429;31142
13:20:48;0.414;0.557129367;bad;good;921.218812;911.7;2420.8323;7534.169;7531.59;1608.98693;31119
13:26:40;0.4176;0.557129367;bad;good;916.5604;905.1;2330.1562;7631.226344;7580.67;1648.60464;31631
13:32:32;0.4266;0.557129367;bad;good;918.728871;908.1;2406.0161;7523.978289;7539.38;1671.51542;31830
13:38:24;0.4266;0.599593496;bad;good;891.7838;910.8;2345.9199;7554.1639;7571.69;1710.29805;30678
13:44:16;0.4266;0.599593496;bad;good;913.2189;929.1;2420.6766;7544.496;7663.7;1618.04011;31724
13:50:08;0.4302;0.609252375;bad;good;912.79405;929.76;2420.7621;7645.5093;7591.68;1709.82357;30584
13:56:00;0.4176;0.609252375;bad;good;902.508578;910.8;2330.9416;7533.7934;7471.57;1691.99211;31164
14:01:52;0.4176;0.758159856;bad;good;900.50182;901.2;2405.5746;7552.1043;7536.88;1630.7249;31627
14:07:44;0.4176;8.06010929;good;good;904.22211;920.1;2344.8914;7598.998994;7633.27;1657.68773;32344
14:13:36;0.4356;8.939393939;good;good;902.580131;918;2420.2173;7565.5078;7509.15;1619.87404;30613
14:19:28;0.4356;8.939393939;good;good;899.06402;914.1;2345.9468;7607.9446;7552.79;1627.3009;31621
14:25:20;0.432;9.104938272;good;good;918.450573;908.1;2405.7786;7531.238589;7543.72;1604.23892;31149
14:31:12;0.4176;9.932659933;good;good;904.27952;915.9;10427.66;4159.0253;4081.45;1772.47213;31114
14:37:04;0.4176;10.5734767;good;good;490.2759;510;11775.0223;3485.0559;3485;2037.58348;31134
14:42:56;0.423;11.56862745;good;good;509.9854;510;11475.3711;3459.9668;3460;2214.33659;30665
14:48:48;0.4176;11.56862745;good;good;478.6785;495;11944.2202;3519.9264;3520;2074.65726;32674
14:54:40;0.4176;12.97777778;good;good;510.0004;510;11550.1838;3484.9903;3485;2156.275;31183
15:00:32;0.405;12.97777778;good;good;478.1285;495;11774.88;3495.0014;3495;2141.11794;31639
15:06:24;0.4356;11.72690763;good;good;510.0004;510;11475.209;3460.1452;3460;2175.07444;30723
15:12:16;0.4176;11.72690763;good;good;479.0879;495;11926.836;3519.9872;3520;2163.00009;32210
15:18:08;0.4176;12.97777778;good;good;494.9445157;510;11325.1376;3469.9674;3460;2147.85022;31196
15:24:00;0.4266;12.97777778;good;good;478.4383;495;11924.9586;3520.0188;3520;2098.44117;31129
15:29:52;0.414;15.97222222;good;good;494.9741;495;11474.9631;3460.0177;3470;2148.42523;30772
15:35:44;0.4086;15.97222222;good;good;475.4406;495;11775.009;3495.0257;3495;2114.77415;31494
15:41:36;0.423;15.97222222;good;good;495.0027;495;11775.0664;3519.4289;3520;2132.08536;31689
15:47:28;0.4356;14.09313725;good;good;495.0071;495;11399.9401;3465.4924;3470;2151.93078;30690
15:53:20;0.4176;14.09313725;good;good;475.9625;495;11927.689;3519.9383;3520;2158.53458;31201
15:59:12;0.4212;14.09313725;good;good;509.9807;510;11534.1097;3484.9365;3485;2228.78582;31712
16:05:04;0.4176;15.13227513;good;good;462.76837;495;11875.6451;3522.7085;3520;2170.2819;31620
16:10:56;0.423;16.35057471;good;good;509.9819;510;11700.9025;3485.0094;3485;2179.1384;30664
16:16:48;0.3906;16.35057471;good;good;461.3404799;495;11473.75055;3470.7781;3470;2146.10325;31155
16:22:40;0.414;16.35057471;good;good;476.9478;495;11955.74581;3519.9352;3520;2141.01328;30732
16:28:32;0.414;16.35057471;good;good;496.87996;510;11500.92277;3489.1646;3485;2192.43108;31145
16:34:24;0.414;16.35057471;good;good;477.6104;495;12152.6213;3544.9207;3545;2167.58179;31670
16:40:16;0.414;19.54861111;good;good;495.0053;495;11474.9337;3494.4326;3495;2091.2602;31228
16:46:08;0.4086;19.54861111;good;good;466.63519;495;11803.9253;3496.7049;3495;2146.01733;31682
16:52:00;0.4266;19.54861111;good;good;495.0068;495;11475.0744;3489.7992;3495;2140.38653;30753
16:57:52;0.4086;19.54861111;good;good;478.8972;495;11775.075;3494.994;3495;2157.04737;32152
17:03:44;0.4176;21.70542636;good;good;495.587953;510;11484.33452;3466.5904;3460;2102.99186;29574
17:09:36;0.432;19.04761905;good;good;469.9933;495;11925.924;3519.9948;3520;2131.80646;32100
17:15:28;0.4446;18.66666667;good;good;494.9538201;510;11538.62009;3494.2902;3485;2146.94601;31356
17:21:20;0.4446;16.09195402;good;good;453.9446068;495;11997.55417;3548.048;3545;2140.12921;32615
17:27:12;0.45;15.55555556;good;good;495.0058;495;11324.9892;3466.6304;3470;2160.60234;31955
17:33:04;0.4356;15.55555556;good;good;466.5605;495;12000.827;3519.9602;3520;2158.15667;31576
17:38:56;0.4446;15.55555556;good;good;509.9688;510;11400.0283;3459.9833;3460;2165.14405;30675
17:44:48;0.4536;15.55555556;good;good;466.4975;495;11774.8155;3494.9987;3495;2177.20134;31090
17:50:40;0.4446;18.46666667;good;good;497.26396;510;11533.7901;3488.0184;3485;2141.01661;31677
17:56:32;0.45;14.89247312;good;good;452.493753;495;11815.8686;3523.5965;3520;2113.36603;32134
18:02:24;0.4536;12.64840183;good;good;494.9391081;510;11330.4478;3469.9379;3460;2189.02765;31174
18:08:16;0.4086;12.64840183;good;good;464.6971;495;11999.9505;3519.9544;3520;2127.55396;30535
18:14:08;0.4446;12.31111111;good;good;465.1363;495;11804.9437;3519.9184;3520;2130.63643;32122
18:20:00;0.441;12.31111111;good;good;495.0105;495;11325.0654;3469.6592;3470;2207.72965;31078
18:25:52;0.4572;12.31111111;good;good;463.3868;495;11775.0616;3494.9936;3495;2147.37395;32033
18:31:44;0.441;12.31111111;good;good;495.0095;495;11400.0221;3466.6093;3470;2107.88714;31132
18:37:36;0.4482;12.31111111;good;good;464.0836;495;11851.9624;3519.9885;3520;2156.87411;31659
18:43:28;0.4356;12.31111111;good;good;494.9649;495;11777.5604;3509.9605;3520;2170.63966;31639
18:49:20;0.423;12.31111111;good;good;497.91637;510;11334.84995;3462.6124;3460;2169.57952;31149
18:55:12;0.4356;12.31111111;good;good;467.2011;495;11925.2069;3519.994;3520;2127.87465;31097
19:01:04;0.4176;12.31111111;good;good;509.5813;510;11698.8646;3485.3693;3485;2176.62021;32118
19:06:56;0.4392;12.31111111;good;good;467.9885;495;11774.02787;3510.726;3520;2161.4781;31568
19:12:48;0.4446;12.31111111;good;good;495.0052;495;11550.0917;3485.3385;3495;2155.77599;31127
19:18:40;0.4356;12.31111111;good;good;468.4978;480;11773.33652;3495.0002;3505;2146.09872;31580
19:24:32;0.45;12.31111111;good;good;507.8268;510;11589.975;3486.0304;3485;2143.01435;31169
19:30:24;0.396;12.31111111;good;good;505.1466;510;11572.9959;3461.372;3460;2113.87664;30747
19:36:16;0.4302;12.31111111;good;good;476.7469;495;11774.9413;3494.9942;3495;2145.21006;31178
19:42:08;0.387;12.31111111;good;good;509.68;510;11475.5501;3459.981;3460;2166.83415;31730
19:48:00;0.4176;12.31111111;good;good;475.9473;495;11775.8079;3494.9843;3495;2040.96778;31215
19:53:52;0.4176;12.31111111;good;good;509.673;510;11475.7528;3459.9851;3460;2162.21488;31202
19:59:44;0.378;12.31111111;good;good;476.8054;495;11775.855;3494.9782;3495;2112.72468;30641
20:05:36;0.396;12.31111111;good;good;509.1651;510;11599.4876;3485.9085;3485;2155.18147;31268
20:11:28;0.405;12.31111111;good;good;478.0685;495;11941.8917;3519.9079;3520;2104.36066;32356
20:17:20;0.3726;12.31111111;good;good;495.0045;495;11175.0231;3444.8346;3445;2151.31439;32196
20:23:12;0.3996;12.31111111;good;good;478.4043;495;11999.7155;3519.9973;3520;2149.53641;30753
20:29:04;0.3996;12.31111111;good;good;495.0108;495;11399.8341;3467.8915;3470;2148.53884;32197
20:34:56;0.423;12.31111111;good;good;474.0929;495;11703.1141;3469.9998;3470;1992.69515;30728
20:40:48;0.378;12.31111111;good;good;475.564;495;11774.8551;3495.0008;3495;2149.64831;31724
20:46:40;0.387;12.31111111;good;good;494.9885;495;11625.1174;3489.8394;3495;2129.74881;31264
20:52:32;0.4086;12.31111111;good;good;474.1673;495;11775.0213;3494.9991;3495;2132.87883;33606
20:58:24;0.36;12.31111111;good;good;509.8541;510;11694.0339;3484.966;3485;2115.13768;29856
21:04:16;0.3996;12.31111111;good;good;460.6483177;495;11775.38575;3522.32;3520;2104.41741;31698
21:10:08;0.3906;12.31111111;good;good;494.8911;495;11625.0946;3510.0181;3520;2226.98034;30699
21:16:00;0.3996;12.31111111;good;good;494.9998;495;11475.1135;3460.0415;3470;2147.9314;31671
21:21:52;0.4302;12.31111111;good;good;467.79884;495;12001.2579;3521.3222;3520;2107.42821;31212
21:27:44;0.387;12.31111111;good;good;494.944048;510;11325.127;3470.008;3460;2100.25262;31771
21:33:36;0.4122;12.31111111;good;good;475.779;495;11774.9817;3495.0009;3495;2132.59448;32885
21:39:28;0.4176;12.31111111;good;good;494.9636;495;11700.2105;3485.0234;3495;2141.74823;32664
21:45:20;0.3906;12.31111111;good;good;461.80404;495;11841.3894;3523.0556;3520;2148.74615;31672
21:51:12;0.405;12.31111111;good;good;839.116;840;3244.4168;5179.096744;5260;2349.30637;35906
21:57:04;1.0278;12.31111111;good;bad;920.691772;911.1;2332.207;7500.906444;7579.75;1496.95892;32338
22:02:56;0.405;12.31111111;good;good;908.8513;926.4;2405.5236;7527.4205;7519.68;1736.36603;31953
22:08:48;0.396;12.31111111;good;good;919.329322;908.1;2330.9253;7549.9255;7537.9;1654.81459;31832
22:14:40;0.396;12.31111111;good;good;913.8634;903.9;2405.4539;7602.9541;7676.25;1647.92632;32365
22:20:32;0.3996;12.31111111;good;good;903.620352;915.9;2345.854;7674.367244;7605.35;1573.96121;31424
22:26:24;0.405;12.31111111;good;good;911.78301;921;2404.7286;7573.1986;7510.5;1590.03474;32403
22:32:16;0.3906;12.31111111;good;good;913.81966;901.5;2331.3832;7576.0096;7556.9;1561.0199;32301
22:38:08;0.4086;12.31111111;good;good;914.0096;933.6;2406.0643;7638.477389;7604.4;1722.40624;31837
22:44:00;0.999;12.31111111;good;bad;903.137101;919.2;2331.21;7597.670344;7597.75;1545.66504;32257
22:49:52;0.405;12.31111111;good;good;903.57792;918.6;2405.6055;7557.1671;7437.5;1683.16641;32400
22:55:44;0.396;12.31111111;good;good;911.636931;928.5;2346.8987;7502.819944;7568.3;1623.76492;32494
23:01:36;0.3906;12.31111111;good;good;914.5515;905.1;2405.3582;7641.7737;7593.95;1613.49459;32435
23:07:28;0.4086;12.31111111;good;good;904.1054967;903;2421.1269;7625.952689;7568.4;1664.14767;32409
23:13:20;0.387;12.31111111;good;good;577.1844;591.6;2331.094;9325.0039;9228.67;1276.08772;29244
23:19:12;0.3996;12.31111111;good;good;908.04579;924.6;2405.2207;7545.137;7512.12;1675.87984;32861
23:25:04;0.396;12.31111111;good;good;919.783715;909.6;2330.8277;7537.5294;7532.2;1549.47915;32901
23:30:56;0.396;12.31111111;good;good;906.12668;912;2406.249;7579.7355;7555;1706.66184;32429
23:36:48;1.017;11.12449799;good;bad;913.13101;930.3;2346.8793;7499.889644;7558.8;1577.74697;32867
23:42:40;0.3906;11.12449799;good;good;908.412101;924.9;2405.9076;7502.5173;7508.46;1553.48366;32856
23:48:32;0.405;11.12449799;good;good;910.88957;931.8;2346.2706;7651.232;7551.66;1672.6644;32404
23:54:24;0.405;11.12449799;good;good;915.504373;902.4;2405.9966;7541.7949;7568.26;1660.2948;32410
00:00:16;0.405;11.12449799;good;good;901.62775;917.4;2345.8569;7663.7567;7561.13;1671.37056;32418
00:06:08;0.3996;11.12449799;good;good;917.086373;904.2;2421.0792;7527.7139;7662.98;1665.17382;30985
00:12:00;0.4086;10.03584229;good;good;913.8339;932.7;2345.7751;7711.2266;7595.705;1680.00882;32602
00:17:52;0.3906;10.03584229;good;good;913.21911;928.8;2421.2064;7555.345044;7571.76;1583.13774;30456
00:23:44;0.396;10.03584229;good;good;509.6626;510;11775.3617;3485.3215;3485;2084.11247;31584
00:29:36;0.3996;10.03584229;good;good;457.5006929;495;11698.42224;3495.2589;3495;2139.82276;31625
00:35:28;0.3906;10.03584229;good;good;503.6918;510;11679.6409;3511.4756;3510;2171.39623;32207
00:41:20;0.378;9.574829932;good;good;470.4555;495;11624.9033;3469.984;3470;2091.18814;31737
00:47:12;0.3816;8.780864198;good;good;494.9418363;510;11628.7822;3519.9363;3510;2154.27269;30754
00:53:04;0.378;8.780864198;good;good;469.6506;480;11623.50351;3470.0003;3480;2124.08527;31114
00:58:56;0.36;8.780864198;good;good;494.9508856;510;11484.4959;3495.0104;3485;2204.43584;30758
01:04:48;0.3996;8.780864198;good;good;454.2538671;495;11696.29893;3496.5063;3495;2098.93252;31702
01:10:40;0.3816;8.780864198;good;good;495.0096;495;11474.9284;3494.6364;3495;2250.8994;31236
01:16:32;0.378;8.780864198;good;good;470.2858;495;11627.0528;3470.026;3470;2080.10311;31702
01:22:24;0.3906;8.780864198;good;good;495.0076;495;11700.0982;3510.8841;3520;2224.74306;31637
01:28:16;0.3906;8.780864198;good;good;474.0146;495;11778.3353;3494.9402;3495;2170.73175;31368
01:34:08;0.3906;8.780864198;good;good;470.7791;495;11625.0549;3469.9924;3470;2140.23922;32209
01:40:00;0.3726;8.121468927;good;good;510.0137;510;11774.4748;3510.0547;3510;2169.92419;31239
01:45:52;0.405;8.121468927;good;good;461.19849;495;11787.0136;3496.3149;3495;2136.81535;31711
01:51:44;0.387;8.121468927;good;good;495.0102;495;11549.9625;3491.6089;3495;2149.91425;31746
01:57:36;0.387;8.121468927;good;good;468.641;495;11625.1277;3469.9771;3470;2111.28705;31720
02:03:28;0.396;8.121468927;good;good;510.0082;510;11625.2804;3485.3209;3485;2138.5061;32221
02:09:20;0.378;8.121468927;good;good;494.9401761;510;11530.9824;3494.9925;3485;2144.15758;31188
02:15:12;0.387;8.121468927;good;good;473.0683;495;11777.255;3494.912;3495;2130.03865;31176
02:21:04;0.3726;8.121468927;good;good;495.0099;495;11699.8214;3519.6127;3520;2126.12625;31687
02:26:56;0.3726;8.121468927;good;good;472.675;495;11625.1132;3469.9994;3470;2174.47117;30618
02:32:48;0.3906;8.121468927;good;good;495.0026;495;11774.9516;3510.3011;3520;2108.00855;31682
02:38:40;0.3906;7.318295739;good;good;472.1281;495;11775.4082;3495.0097;3495;2155.78852;31612
02:44:32;0.3816;7.318295739;good;good;509.9831;510;11626.2432;3484.9297;3485;2141.2919;31175
02:50:24;0.4086;7.318295739;good;good;914.7146;902.4;2420.5486;7626.8225;7584.45;1636.77927;32324
02:56:16;0.4266;7.318295739;good;good;903.297952;918.9;2331.1708;7490.5605;7497.24;1577.71982;32389
03:02:08;0.3996;7.318295739;good;good;906.50761;914.1;2405.9105;7605.4352;7551.2;1718.7088;32406
03:08:00;0.414;7.318295739;good;good;917.951973;909.6;2346.2309;7548.0762;7537.05;1655.73167;32387
03:13:52;0.4086;7.318295739;good;good;905.59924;913.5;2405.8091;7593.139189;7551.2;1699.71195;31411
03:19:44;0.414;7.786666667;good;good;911.812831;927;2347.0257;7511.8295;7574;1577.95125;31886
03:25:36;0.4086;7.786666667;good;good;908.70493;926.7;2405.4823;7539.13039;7508.4;1710.72807;32286
03:31:28;0.432;7.786666667;good;good;903.385682;917.1;2331.3073;7473.2107;7503.75;1504.18311;32366
03:37:20;0.396;7.786666667;good;good;908.0769;908.1;2420.4715;7620.2399;7571.15;1719.52798;32300
03:43:12;0.423;7.913279133;good;good;913.805091;929.4;2346.7523;7603.4024;7564.5;1569.12547;31865
03:49:04;0.4176;8.463768116;good;good;903.10741;916.5;2405.2769;7577.171989;7541.7;1670.18582;31872
03:54:56;0.414;8.538011696;good;good;917.32246;932.7;2346.0294;7651.13935;7680.25;1569.72721;32396
04:00:48;0.414;8.538011696;good;good;900.793082;910.2;2345.7522;7527.2747;7531.25;1622.10313;32357
04:06:40;0.4176;9.012345679;good;good;912.63263;930.6;2405.3088;7611.3038;7592.05;1664.4489;31862
04:12:32;0.4266;9.733333333;good;good;916.837222;902.7;2346.1848;7620.3223;7557.85;1561.62889;32377
04:18:24;0.423;9.733333333;good;good;907.76755;924.6;2405.8301;7539.3592;7508.4;1679.19016;31816
04:24:16;0.4356;9.733333333;good;good;911.9447;927;2331.5123;7523.108644;7574.95;1618.838;31849
04:30:08;0.4446;9.733333333;good;good;916.9266;906.6;2420.2862;7634.3118;7581.6;1670.19721;30282
04:36:00;0.396;9.931972789;good;good;908.617;895.56;2420.5461;7572.7591;7667.3;1642.10599;32295
04:41:52;0.432;9.931972789;good;good;924.119671;918.6;2330.3912;7598.916344;7607.7;1527.10536;31865
04:47:44;0.405;10.81481481;good;good;904.06106;922.56;2404.8863;7634.6785;7537.925;1634.76536;32357
04:53:36;0.414;10.81481481;good;good;902.565532;918.6;2330.8455;7518.549244;7527.79;1558.27402;32424
04:59:28;0.4086;10.93632959;good;good;902.81445;917.7;2420.5606;7628.6538;7569.7;1719.60227;31904
05:05:20;0.423;11.45098039;good;good;917.923073;906.6;2330.8303;7566.3226;7547.45;1623.76991;31415
05:11:12;0.396;11.72690763;good;good;910.91903;930;2404.9411;7551.8934;7499.24;1725.26221;32359
05:17:04;0.4338;11.72690763;good;good;908.58802;925.2;2404.9595;7528.6015;7510.26;1704.87138;31964
05:22:56;1.0098;11.45098039;good;bad;916.339222;901.8;2361.5807;7499.304189;7564.5;1563.04303;30846
05:28:48;1.836;10.93632959;good;bad;905.45294;921.3;2404.9291;7559.730289;7524.6;1745.17445;31490
05:34:40;1.0296;10.81481481;good;bad;914.786422;930.6;2346.7726;7499.597044;7563.65;1581.28394;31430
05:40:32;0.4266;10.81481481;good;good;907.5037;924;2420.309;7668.8008;7623.65;1682.88815;31992
05:46:24;1.8342;10.35460993;good;bad;914.010241;929.1;2346.7898;7500.476444;7565.45;1570.416;31952
05:52:16;1.8216;9.831649832;good;bad;917.1464;906.6;2405.6825;7583.2514;7570.2;1653.78568;31929
05:58:08;0.9954;8.111111111;good;bad;910.684571;908.1;2346.2823;7572.3286;7536.95;1576.88278;31491
06:04:00;1.8072;0.721522115;bad;bad;906.03873;922.5;2420.4484;7672.2521;7624.6;1687.56232;31409
06:09:52;0.99;0.589184826;bad;bad;909.437521;924.3;2346.8012;7503.844589;7577.8;1616.64605;31995
06:15:44;0.4176;0.585420485;bad;good;916.0042;906.9;2420.0699;7656.3492;7595.85;1609.2444;31491
06:21:36;0.4266;0.585420485;bad;good;904.13431;912.3;2420.2092;7605.7462;7551.2;1723.04076;31364
06:27:28;1.0008;0.581512945;bad;bad;912.603871;927.9;2346.8587;7505.822589;7569.25;1571.247;31435
06:33:20;0.4788;0.581512945;bad;good;899.79658;914.1;2406.1964;7575.634;7543.6;1700.74585;31438
06:39:12;0.4176;0.581512945;bad;good;905.511942;910.2;2346.1359;7639.1459;7626.5;1571.15782;32471
06:45:04;1.8;0.579403466;bad;bad;912.91093;930.3;2405.0758;7611.9628;7581.5;1692.99388;31433
06:50:56;1.8612;0.572139303;bad;bad;927.164742;911.7;2330.9939;7564.2811;7542.3;1563.05564;32101
06:56:48;1.8666;0.565055031;bad;bad;903.883962;915;2316.4317;7595.1992;7571.15;1520.12353;31439
07:02:40;1.8648;0.555877804;bad;bad;902.03786;916.8;2420.4786;7670.2655;7606.3;1600.6812;32632
07:08:32;1.9026;0.552672049;bad;bad;907.414482;926.76;2331.6132;7497.967544;7516.55;1521.76013;31537
07:14:24;0.9846;0.552672049;bad;bad;916.5457;907.8;2420.1091;7638.697144;7596.8;1636.7356;32553
07:20:16;1.8846;0.278019534;bad;bad;902.550882;915.3;2330.5433;7534.6715;7532.2;1557.97479;30907
07:26:08;1.5624;0.256033485;bad;bad;917.776191;910.5;2405.1954;7589.1844;7571.15;1677.03088;31470
07:32:00;1.899;0.246294868;bad;bad;908.016832;913.5;2330.8194;7530.6435;7528.4;1556.0383;31902
07:37:52;0.414;0.24435283;bad;good;497.11684;510;11634.85721;3488.5453;3485;2111.01965;31750
07:43:44;0.396;0.24435283;bad;good;496.7165;510;11625.2616;3485.4275;3485;2183.70873;31917
07:49:36;0.4302;0.24435283;bad;good;510.0009;510;11625.3176;3485.1731;3485;2164.33248;31801
07:55:28;0.387;0.24435283;bad;good;480.2504;495;11628.8805;3471.3564;3470;2093.49732;31847
08:01:20;0.4266;0.24435283;bad;good;495.0068;510;11626.0852;3519.987;3510;2154.41894;31391
08:07:12;0.387;0.24435283;bad;good;466.6303073;495;11665.81573;3495.6311;3495;2149.66958;31384
08:13:04;0.4086;0.24435283;bad;good;495.0031;495;11550.2393;3485.0278;3495;2172.71821;32145
08:18:56;0.396;0.24435283;bad;good;481.5917;495;11779.428;3494.3056;3495;2138.312164;31403
08:24:48;0.4086;0.24435283;bad;good;509.9692;510;11625.7698;3484.9798;3485;2153.85058;31367
08:30:40;0.378;0.24435283;bad;good;465.1554843;495;11671.87571;3496.4339;3495;2211.68311;31375
08:36:32;0.423;0.24435283;bad;good;506.4761;510;11848.4415;3536.3765;3535;2159.92751;31838
08:42:24;0.4086;0.24435283;bad;good;461.163;495;11623.27513;3470.037;3470;2128.44928;31438
08:48:16;0.3816;0.24435283;bad;good;465.7872;495;11708.0684;3497.8865;3495;2209.08332;31901
08:54:08;0.405;0.24435283;bad;good;495.0087;495;11550.063;3493.5032;3495;2197.5708;31307
09:00:00;0.405;0.24435283;bad;good;509.9769;510;11625.8981;3484.9613;3485;2116.86315;31896
09:05:52;0.369;0.24435283;bad;good;465.6079224;495;11648.48532;3497.97;3495;2135.34262;31844
09:11:44;0.423;0.24435283;bad;good;494.9846;495;11634.79244;3519.9907;3520;2183.7763;32877
09:17:36;0.4176;0.24435283;bad;good;509.9725;510;11626.2581;3484.9443;3485;2152.97626;31303
09:23:28;0.4266;0.24435283;bad;good;509.9995;510;11625.3337;3484.9674;3485;2165.11414;31917
09:29:20;0.3996;0.24435283;bad;good;481.0548;495;11777.5021;3494.9957;3495;2120.11208;31383
09:35:12;0.432;0.24435283;bad;good;496.51983;510;11635.05685;3515.0186;3510;2199.81051;31386
09:41:04;0.3906;0.24435283;bad;good;480.631;495;11630.0939;3471.0407;3470;2090.96937;31375
09:46:56;0.4086;0.24435283;bad;good;494.9427474;510;11635.13783;3519.7315;3510;2190.08769;31885
09:52:48;0.4176;0.24435283;bad;good;483.3424;495;11551.7543;3444.974;3445;1986.70816;33251
09:58:40;0.3996;0.24435283;bad;good;465.41379;495;11654.094;3472.0981;3470;2141.9333;33240
10:04:32;0.4176;0.24435283;bad;good;477.9834;495;11624.9805;3469.984;3470;2197.41056;32274
10:10:24;0.4086;0.24435283;bad;good;478.3823;495;11774.6836;3494.9991;3495;2112.32111;32767
10:16:16;0.4086;0.24435283;bad;good;477.5312;495;11624.7783;3469.9926;3470;2143.176316;33364
10:22:08;0.405;0.24435283;bad;good;463.8971;480;11624.8375;3479.5135;3480;2093.420082;31307
10:28:00;0.981;0.241420935;bad;bad;478.538;495;11624.8056;3469.9965;3470;2143.60822;32678
10:33:52;0.387;0.241420935;bad;good;464.696301;495;11548.5216;3470.2542;3470;2144.87224;31717
10:39:44;0.414;0.241420935;bad;good;478.9286;495;11624.7825;3469.9953;3470;2121.65332;32766
10:45:36;0.396;0.241420935;bad;good;464.4143;480;11548.51813;3470.0036;3480;2131.19208;32261
10:51:28;0.414;0.241420935;bad;good;465.3768;480;11548.43555;3469.9976;3480;2128.05361;33227
10:57:20;0.423;0.241420935;bad;good;464.4597803;495;11651.1811;3474.4868;3470;2107.29577;32910
11:03:12;0.4086;0.241420935;bad;good;465.020985;495;11564.4332;3473.7178;3470;2118.39481;32288
11:09:04;0.414;0.241420935;bad;good;479.5385;495;11549.8929;3469.9342;3470;2194.41543;32789
11:14:56;0.3996;0.241420935;bad;good;464.8780384;495;11548.57201;3470.0418;3470;2138.37518;32322
11:20:48;0.4266;0.241420935;bad;good;470.12961;495;11549.7773;3471.0044;3470;2126.27633;32304
11:26:40;0.405;0.241420935;bad;good;480.93836;510;11549.8626;3466.5451;3460;2151.03887;31822
11:32:32;0.423;0.241420935;bad;good;480.053;495;11474.9255;3445.0017;3445;2111.9251;31789
11:38:24;0.414;0.241420935;bad;good;492.9271;510;11625.2011;3461.1585;3460;2101.79726;32770
11:44:16;0.4176;0.241420935;bad;good;478.3868;495;11549.9767;3444.9945;3445;2131.57005;32127
11:50:08;0.4266;0.241420935;bad;good;463.3559955;495;11698.44681;3495.7529;3495;2196.15792;32763
11:56:00;0.4176;0.239453665;bad;good;464.00182;495;11624.628;3473.4896;3470;2168.56223;32679
12:01:52;0.954;0.239453665;bad;bad;477.4877;495;11624.7311;3469.9958;3470;2148.22246;33257
12:07:44;0.405;0.239453665;bad;good;463.4127783;495;11698.38194;3498.1489;3495;2136.39108;33251
12:13:36;0.4176;0.239453665;bad;good;463.448415;495;11398.47505;3445.0395;3445;2174.67151;31839
12:19:28;1.0908;0.239453665;bad;bad;911.7536;929.1;2450.3209;7584.7985;7536;1641.84762;30162
12:25:20;1.89;0.23723878;bad;bad;913.17457;901.2;2434.9669;7553.7246;7525.55;1728.04179;30131
12:31:12;0.4176;0.23723878;bad;good;913.451373;896.4;2345.5094;7505.2092;7426.77;1667.62248;30122
12:37:04;0.5058;0.23723878;bad;good;916.121;907.2;2435.1355;7564.0518;7507.47;1682.75355;30657
12:42:56;1.053;0.23723878;bad;bad;915.271399;930.9;2346.2505;7481.204033;7558.8;1609.48668;31183
12:48:48;0.4302;0.23723878;bad;good;916.0917;908.4;2450.2445;7571.8897;7532.2;1691.98233;30734
12:54:40;0.414;0.23723878;bad;good;918.318571;904.2;2360.6339;7583.168889;7513.45;1625.46235;30611
13:00:32;0.3906;0.23723878;bad;good;904.31041;921;2449.9903;7618.7652;7571.15;1738.46446;30579
13:06:24;0.4014;0.23723878;bad;good;908.5586;922.8;2345.5961;7466.390589;7536.95;1606.18298;31175
13:12:16;1.0566;0.23723878;bad;bad;903.97352;920.7;2450.7146;7616.5769;7561.65;1698.80479;30161
13:18:08;0.7236;0.23723878;bad;good;915.548122;903.6;2345.6978;7459.578389;7497.24;1603.33627;30838
13:24:00;1.9458;0.235064494;bad;bad;915.34272;904.2;2361.0035;7570.194889;7603.45;1649.49616;31151
13:29:52;1.0368;0.235064494;bad;bad;912.01757;930.6;2449.9109;7564.2072;7532.2;1734.3872;30143
13:35:44;0.3852;0.235064494;bad;good;911.107371;921.48;2346.7219;7439.509;7441.75;1709.41965;30632
13:41:36;1.935;0.234408056;bad;bad;916.1209;908.7;2450.6629;7633.717055;7597.85;1665.76718;30629
13:47:28;0.3978;0.234408056;bad;good;915.796971;904.8;2360.6935;7658.033989;7702.03;1644.96163;30064
13:53:20;0.3996;0.234408056;bad;good;903.06525;919.2;2465.6075;7623.9842;7571.15;1712.17388;30873
13:59:12;1.3068;0.231481481;bad;bad;912.57422;930.6;2465.5466;7673.8734;7626.5;1768.97789;30638
14:05:04;1.1412;0.231481481;bad;bad;906.185442;913.2;2361.5018;7492.043989;7567.35;1677.92862;30152
14:10:56;1.035;0.231481481;bad;bad;916.6045;908.1;2450.3748;7649.7662;7602.5;1714.45278;30663
14:16:48;0.4842;0.231481481;bad;good;902.155211;918.9;2361.0197;7538.124289;7568.7;1656.29414;31287
14:22:40;0.4086;0.234408056;bad;good;912.13502;928.5;2345.3945;7548.661644;7509.33;1612.04184;30830
14:28:32;0.4176;0.234408056;bad;good;914.0682;903;2435.4671;7553.505144;7511.19;1775.9506;30066
14:34:24;0.396;0.234408056;bad;good;912.545221;928.2;2345.501;7522.733444;7500.96;1624.20376;30117
14:40:16;0.4176;0.234408056;bad;good;909.7763;909.9;2435.5622;7614.8923;7591.1;1668.91158;30674
14:46:08;0.396;0.234408056;bad;good;907.123471;921.6;2345.8627;7595.5479;7525.55;1574.58453;31202
14:52:00;0.4176;0.234408056;bad;good;908.30947;925.5;2435.3168;7580.101644;7543.6;1768.43595;30634
14:57:52;0.4176;0.234408056;bad;good;905.760671;919.2;2361.0911;7622.2818;7546.45;1645.43824;30691
15:03:44;0.495;0.234408056;bad;good;509.6192;510;11671.983;3484.8873;3485;2130.80336;30992
15:09:36;0.5076;0.234408056;bad;good;479.9993;480;11848.47597;3520.0026;3530;2122.98094;32087
15:15:28;0.4896;0.234408056;bad;good;494.9972;495;11699.9211;3519.6352;3520;2228.2351;32090
15:21:20;0.4986;0.235064494;bad;good;494.9986;495;11624.8129;3470.0089;3470;2088.07923;32319
15:27:12;0.5202;0.235064494;bad;good;497.12118;510;11484.91283;3488.5891;3485;2163.54609;31571
15:33:04;0.4806;0.235064494;bad;good;480.0032336;495;11473.59919;3470.2542;3470;2063.89398;31598
15:38:56;0.4896;0.23723878;bad;good;495.0095;495;11633.5898;3519.2329;3520;2129.46263;31464
15:44:48;0.5256;0.239453665;bad;good;480.0011;480;11698.27669;3494.9994;3505;2158.82625;32372
15:50:40;0.4806;0.239453665;bad;good;499.90219;510;11634.99657;3511.9881;3510;2153.57497;31441
15:56:32;0.4986;0.249011147;bad;good;495.0424;495;11777.0556;3495.3551;3495;2055.25544;31900
16:02:24;0.4806;0.249011147;bad;good;495.0014;495;11629.8469;3519.8328;3520;2205.98264;31928
16:08:16;0.477;0.249011147;bad;good;502.88372;510;11624.9395;3462.0143;3460;2110.81262;31545
16:14:08;0.486;0.249011147;bad;good;495.0003;495;11624.9819;3470.0037;3470;2120.25997;32061
16:20:00;0.495;0.249011147;bad;good;509.8523;510;11625.6706;3484.9469;3485;2188.47878;32103
16:25:52;0.5076;0.249011147;bad;good;495.128;495;11777.4254;3495.0138;3495;2126.50296;31581
16:31:44;0.486;0.245960827;bad;good;495.058279;510;11634.77665;3518.4039;3510;2132.21;32323
16:37:36;0.513;0.300474143;bad;good;480.90981;495;11731.1218;3498.2193;3495;2151.31133;32016
16:43:28;0.495;0.384398364;bad;good;495.0069;495;11639.7587;3519.5843;3520;2181.38087;31528
16:49:20;0.513;0.461786138;bad;good;495.0007;495;11807.4314;3544.9215;3545;2201.16074;31070
16:55:12;0.513;0.494734931;bad;good;495.0087;495;11787.1717;3495.7189;3495;2127.41367;31570
17:01:04;0.4662;0.516685628;bad;good;495.001;495;11550.0263;3486.5627;3495;2182.52459;31572
17:06:56;0.504;0.516685628;bad;good;495.002;495;11774.9645;3495.0182;3495;2109.36989;32088
17:12:48;0.4986;0.521730806;bad;good;479.9981;480;11698.3655;3495.0295;3505;2147.77644;31549
17:18:40;0.4932;0.533059468;bad;good;508.7329;510;11739.2701;3510.9727;3510;2215.65863;32112
17:24:32;0.405;0.547972305;bad;good;912.48418;927;2435.4038;7550.26408;7549.7;1719.00762;30853
17:30:24;0.387;0.547972305;bad;good;908.192619;925.2;2391.4876;7450.128944;7527.45;1579.02592;29756
17:36:16;0.405;0.547972305;bad;good;907.34261;922.8;2451.4623;7582.2992;7555;1692.41523;30356
17:42:08;0.378;0.547972305;bad;good;916.837371;904.8;2391.5682;7566.972244;7594.9;1551.8822;29818
17:48:00;0.405;0.547972305;bad;good;902.74081;917.7;2451.2189;7610.5623;7574;1732.00089;29855
17:53:52;0.3888;0.547972305;bad;good;903.532531;919.2;2391.0577;7655.846;7537.8;1655.59953;30336
17:59:44;1.026;0.539961014;bad;bad;906.24372;921.9;2435.8049;7587.6454;7555;1722.01983;30339
18:05:36;0.3816;0.539961014;bad;good;907.47492;923.1;2390.9019;7547.7096;7620.3;1605.38077;30275
18:11:28;0.396;0.539961014;bad;good;903.753582;913.2;2451.0449;7626.5294;7585.4;1754.99978;29288
18:17:20;0.378;0.539961014;bad;good;902.316571;917.7;2391.2544;7521.927544;7549.3;1662.06674;30581
18:23:12;0.396;0.539961014;bad;good;903.68013;921;2435.6506;7613.8031;7558.8;1724.28403;29786
18:29:04;0.3996;0.539961014;bad;good;912.076328;927.6;2406.6806;7503.836644;7555.95;1594.14561;30262
18:34:56;0.9882;0.539961014;bad;bad;910.684759;927;2421.4384;7582.8114;7622.7;1598.15242;30535
18:40:48;0.3906;0.539961014;bad;good;909.74678;928.2;2435.2779;7599.2917;7538.85;1729.32833;30514
18:46:40;0.378;0.539961014;bad;good;908.57366;923.7;2376.0055;7481.111944;7531.2;1613.70658;30835
18:52:32;0.3906;0.539961014;bad;good;915.5054;906.3;2435.4912;7650.562589;7606.3;1668.31647;30305
18:58:24;0.3636;0.539961014;bad;good;903.415262;915.6;2392.2224;7506.253144;7559.75;1584.77945;29743
19:04:16;0.387;0.539961014;bad;good;917.3515;907.8;2435.3572;7642.515044;7606.3;1720.66734;29770
19:10:08;0.405;0.539961014;bad;good;917.7322;906.9;2435.1531;7574.9748;7536.95;1741.05549;30258
19:16:00;0.4212;0.539961014;bad;good;906.62535;921;2391.3706;7571.586844;7546.45;1661.58436;30297
19:21:52;0.4176;0.539961014;bad;good;911.285;925.5;2435.1326;7589.4677;7567.75;1687.42965;29753
19:27:44;0.9882;0.539961014;bad;bad;900.573561;915.9;2407.2646;7487.063489;7555.95;1583.72641;29750
19:33:36;0.414;0.539961014;bad;good;908.45563;924.3;2450.7508;7600.5366;7554.05;1715.67863;29812
19:39:28;0.3906;0.539961014;bad;good;914.34708;902.4;2405.9684;7633.4243;7594.9;1675.27162;30698
19:45:20;1.008;0.539961014;bad;bad;908.86603;925.8;2435.2707;7588.2229;7545.5;1698.36269;29809
19:51:12;0.4536;0.539961014;bad;good;509.5861;510;11625.4508;3460.4436;3460;2069.85469;30171
19:57:04;0.414;0.539961014;bad;good;495.0019;495;11625.0082;3469.9894;3470;2137.91721;30172
20:02:56;0.4626;0.537254902;bad;good;509.9249;510;11626.2115;3484.9728;3485;2162.36583;31189
20:08:48;0.423;0.535889872;bad;good;494.0676;495;11651.4805;3471.0536;3470;2169.70448;30613
20:14:40;0.4446;0.535889872;bad;good;507.9538;510;11566.345;3486.1538;3485;2172.56883;30179
20:20:32;0.4266;0.535889872;bad;good;105.0108658;120;14024.7281;3730.0057;3720;1278.95933;23225
20:26:24;0.432;0.535889872;bad;good;494.9941;495;11628.858;3519.7118;3520;2163.90261;29676
20:32:16;0.4356;0.533135509;bad;good;495.0024;495;11625.231;3469.997;3470;2182.78684;31203
20:38:08;0.441;0.533135509;bad;good;496.83324;510;11484.85592;3489.3652;3485;2109.27152;30785
20:44:00;0.423;0.533135509;bad;good;495.0104;495;11625.1329;3470.0313;3470;2117.11206;30158
20:49:52;0.414;0.533135509;bad;good;482.31784;495;11903.2081;3497.3284;3495;2066.88315;30163
20:55:44;0.423;0.533135509;bad;good;509.5275;510;11474.8786;3484.1204;3485;2174.95521;31189
21:01:36;0.4266;0.533135509;bad;good;495.0022;495;11699.9765;3495.0302;3495;2132.9896;30706
21:07:28;0.423;0.533135509;bad;good;509.9314;510;11776.1117;3509.9618;3510;2203.80774;31276
21:13:20;0.4086;0.533135509;bad;good;495.0045;495;11625.0105;3469.988;3470;2123.5045;30141
21:19:12;0.4122;0.533135509;bad;good;495.0016;495;11625.257;3519.9257;3520;2183.63669;30937
21:25:04;0.3996;0.533135509;bad;good;495.0914;495;11628.3531;3470.1845;3470;2080.12451;30131
21:30:56;0.468;0.533135509;bad;good;509.9755;510;11475.1471;3459.9676;3460;2153.28236;31190
21:36:48;0.4266;0.533135509;bad;good;494.9967;495;11850.1548;3519.9577;3520;2168.2304;30174
21:42:40;0.468;0.530348259;bad;good;509.0218;510;11469.1647;3460.7005;3460;2171.90152;31193
21:48:32;0.4176;0.530348259;bad;good;495.0066;495;11924.9861;3519.9705;3520;2140.67056;30618
21:54:24;0.4626;0.530348259;bad;good;509.6258;510;11625.6468;3484.9757;3485;2159.79026;30078
22:00:16;0.4266;0.530348259;bad;good;495.0019;495;11775.1143;3495.0008;3495;2098.3672;30674
22:06:08;0.459;0.528942116;bad;good;495.0009;495;11624.9371;3486.5737;3495;2189.11668;35588
22:12:00;0.3996;0.540020263;bad;good;912.61828;902.1;2435.5646;7557.094044;7514.91;1709.4766;30156
22:17:52;0.3816;0.560058188;bad;good;903.576492;913.5;2360.9543;7572.4116;7555;1626.01048;30276
22:23:44;0.405;0.560058188;bad;good;904.20604;916.8;2465.6335;7626.9136;7569.35;1712.24651;31678
22:29:36;0.3726;0.560058188;bad;good;914.229711;902.7;2345.1493;7543.607889;7495.38;1569.58454;31496
22:35:28;0.567;0.575854701;bad;good;908.92468;926.64;2450.635;7568.3091;7534.1;1730.39234;31081
22:41:20;0.369;0.575854701;bad;good;918.362671;910.8;2361.2489;7510.941144;7565.45;1647.09337;30345
22:47:12;0.3996;0.575854701;bad;good;915.9013;904.5;2450.2946;7649.986;7602.5;1711.90819;30368
22:53:04;0.378;0.575854701;bad;good;912.384041;930;2345.1764;7554.227944;7503.75;1643.20017;30319
22:58:56;0.4086;0.575854701;bad;good;907.35729;925.2;2435.6295;7566.3318;7537.9;1708.94382;30263
23:04:48;0.3636;0.635763152;bad;good;907.855692;914.1;2346.3801;7580.4034;7555.95;1642.8955;30830
23:10:40;0.4032;0.67989022;bad;good;913.2041;903.3;2450.783;7640.08864;7606.3;1736.43981;30249
23:16:32;0.378;2.409372237;good;good;916.221873;929.7;2345.5508;7590.053589;7550.75;1584.5289;30280
23:22:24;0.3636;3.221040189;good;good;902.975902;914.1;2346.5262;7586.0439;7556.9;1645.65557;30251
23:28:16;0.3906;3.221040189;good;good;899.31322;915.6;2450.2919;7624.2681;7569.25;1741.92348;30851
23:34:08;0.369;3.414786967;good;good;915.152473;903.6;2361.1216;7548.450544;7595.85;1630.16173;30826
23:40:00;0.3906;3.414786967;good;good;907.24005;925.5;2435.0729;7567.0646;7537.9;1701.51096;30514
23:45:52;0.36;3.414786967;good;good;906.405401;922.8;2345.7729;7575.3232;7529.35;1626.83592;30300
23:51:44;1.8666;3.414786967;good;bad;911.47554;901.5;2451.2647;7656.0653;7614.85;1717.91726;30843
23:57:36;0.396;3.581699346;good;good;904.89635;921.6;2450.1749;7613.940544;7578.75;1730.75337;30278
00:03:28;0.387;3.48427673;good;good;909.61325;926.7;2360.2104;7563.246439;7634.37;1545.21259;30777
00:09:20;0.423;3.48427673;good;good;911.62194;900.9;2450.1954;7567.577544;7531.25;1783.52275;29819
00:15:12;0.378;3.48427673;good;good;906.214951;920.1;2360.4926;7659.1413;7546.45;1587.95628;30309
00:21:04;0.414;3.48427673;good;good;917.5856;907.8;2465.2021;7650.0595;7598.7;1676.49511;30295
00:26:56;0.378;3.48427673;good;good;911.66583;926.7;2345.8532;7433.721944;7513.05;1606.89392;30847
00:32:48;0.396;3.48427673;good;good;905.04253;921;2450.7131;7589.1108;7551.2;1745.3877;30346
00:38:40;0.4266;3.581699346;good;good;495.0057;495;11512.43;3469.4013;3470;2141.96107;26658
00:44:32;0.4068;3.581699346;good;good;477.60125;495;11876.8664;3522.3746;3520;2158.52186;31871
00:50:24;0.4086;3.581699346;good;good;495.0308378;510;11521.72478;3493.3745;3485;2160.00297;31459
00:56:16;0.378;3.48427673;good;good;477.35467;495;11896.4166;3522.4051;3520;2145.27752;30931
01:02:08;0.414;3.48427673;good;good;495.0053;495;11325.2321;3469.9437;3470;2177.87356;31971
01:08:00;0.3996;3.393939394;good;good;475.9574056;495;11698.80163;3497.2626;3495;2178.92498;31960
01:13:52;0.3906;3.393939394;good;good;494.9891;495;11400.0458;3460.0976;3470;2132.78242;31485
01:19:44;0.405;3.431372549;good;good;492.5027;495;11775.3145;3494.9651;3495;2094.59061;31452
01:25:36;0.405;3.431372549;good;good;510.0381;510;11626.3913;3509.5004;3510;2160.12434;31453
01:31:28;0.387;3.431372549;good;good;490.18;495;11926.6264;3520.8992;3520;2102.21467;31959
01:37:20;0.414;3.617571059;good;good;495.0087;495;11325.2917;3464.6628;3470;2140.9721;31966
01:43:12;0.3906;3.567807351;good;good;487.352;495;11625.9157;3469.9916;3470;2174.62768;31416
01:49:04;0.405;3.473748474;good;good;476.3327436;495;11698.45533;3498.5596;3495;2191.44272;30870
01:54:56;0.3906;3.473748474;good;good;509.6685;510;11474.328;3460.1718;3460;2151.18649;31386
02:00:48;0.414;3.473748474;good;good;491.8478;495;11775.1384;3495.009;3495;2126.29289;31480
02:06:40;0.405;3.473748474;good;good;496.03678;510;11484.56974;3490.8716;3485;2144.15453;31896
02:12:32;0.3906;3.429256595;good;good;490.7495;495;11994.9701;3519.95;3520;2105.01012;31985
02:18:24;0.432;3.570536829;good;good;495.0097;495;11650.0147;3514.5608;3520;2200.77362;31967
02:24:16;0.3942;3.523284314;good;good;494.9475001;510;11184.48499;3444.7177;3435;2180.89968;31456
02:30:08;0.4086;3.714470284;good;good;488.0274;495;11774.9143;3495.007;3495;2157.26708;31938
02:36:00;0.4086;3.728923476;good;good;495.0068;495;11624.9505;3493.9717;3495;2119.11421;31433
02:41:52;0.3816;4.148629149;good;good;487.052;495;11923.22045;3520.0034;3520;2164.99128;30990
02:47:44;0.414;5.476190476;good;good;509.3619;510;11432.8323;3460.9063;3460;2172.6391;31464
02:53:36;0.405;5.476190476;good;good;489.6567;495;11703.2747;3491.5099;3495;2123.55519;31911
02:59:28;0.3816;5.571705426;good;good;506.4859;510;2230.7197;7853.1719;7876.84;2035.35108;32084
03:05:20;0.378;5.989583333;good;good;426.7842;495;11633.4395;3469.8496;3470;2023.74841;30331
03:11:12;0.396;6.065400844;good;good;510.0018;510;11625.2648;3484.9761;3485;2177.19228;30417
03:17:04;0.387;6.065400844;good;good;417.8382;495;11647.2297;3469.8801;3470;2089.55518;30967
03:22:56;0.4212;6.065400844;good;good;510.0009;510;11625.2127;3484.9612;3485;2212.35088;30395
03:28:48;0.378;6.065400844;good;good;404.99687;495;11771.9813;3495.5116;3495;2072.3999;30388
03:34:40;0.414;6.065400844;good;good;497.75999;510;11635.09069;3512.5959;3510;2163.56219;29822
03:40:32;0.369;6.065400844;good;good;414.5385;495;11796.22;3494.9113;3495;2088.99993;30374
03:46:24;0.396;6.065400844;good;good;495.0122;495;11632.1978;3519.7239;3520;2159.54619;29887
03:52:16;0.3906;6.519274376;good;good;409.9438;495;11625.0066;3470.0048;3470;2148.068;30444
03:58:08;0.396;6.519274376;good;good;510.0022;510;11626.3383;3484.9758;3485;2147.8278;29886
04:04:00;0.378;6.519274376;good;good;405.9227;495;11625.5245;3495.0298;3495;2178.59959;30443
04:09:52;0.414;6.519274376;good;good;494.9889;495;11653.665;3488.6853;3495;2204.33145;29268
04:15:44;0.4086;6.519274376;good;good;496.97122;510;11635.4541;3513.6502;3510;2170.90771;30541
04:21:36;0.3816;6.519274376;good;good;402.9269;495;11624.8898;3469.9984;3470;2120.38425;30424
04:27:28;0.3906;7.371794872;good;good;510.0591;510;11624.792;3485.1389;3485;2135.33535;30440
04:33:20;0.3816;7.371794872;good;good;400.6122;495;11550.0669;3469.9994;3470;2163.44687;29384
04:39:12;0.405;7.371794872;good;good;494.9491508;510;11625.1028;3520.0006;3510;2171.41132;29860
04:45:04;0.3816;7.371794872;good;good;389.31638;495;11788.7004;3495.437;3495;2118.68294;29378
04:50:56;0.387;7.371794872;good;good;426.22;495;11701.8635;3469.9783;3470;1984.63474;29330
04:56:48;1.0314;6.519274376;good;bad;509.8033;510;11602.7494;3485.8617;3485;2179.99048;29821
05:02:40;0.3906;6.519274376;good;good;422.0918;495;11633.2826;3469.8762;3470;2025.06984;30440
05:08:32;0.4176;6.519274376;good;good;509.5991;510;11759.2702;3510.7756;3510;2180.43391;29925
05:14:24;0.3816;6.519274376;good;good;420.764;495;11624.9614;3469.9217;3470;2100.92222;29318
05:20:16;0.414;7.371794872;good;good;494.9704;495;11625.1013;3485.3027;3495;2202.47764;29827
05:26:08;0.387;7.371794872;good;good;431.2112;510;11624.9895;3461.891;3460;2142.93664;29881
05:32:00;0.396;7.371794872;good;good;495.0012;510;11625.0469;3495.0038;3485;2127.32962;30081
05:37:52;0.378;8.87345679;good;good;495.0007;495;11626.6668;3469.9874;3470;2160.29687;30606
05:43:44;0.378;9.879725086;good;good;494.9996;495;11625.2061;3494.9857;3495;2155.18846;30536
05:49:36;0.3816;9.444444444;good;good;495.0994;495;11627.9237;3470.1821;3470;2107.94616;30035
05:55:28;0.378;9.931972789;good;good;497.10204;510;11634.89919;3513.6098;3510;2166.85745;30077
06:01:20;0.3726;9.931972789;good;good;483.0331;495;11630.9315;3471.0509;3470;2145.30814;30578
06:07:12;0.378;10.81481481;good;good;505.3563;510;11550.0121;3486.3266;3485;2199.61685;30630
06:13:04;0.378;10.81481481;good;good;494.9949;495;11625.1824;3470.0038;3470;2083.09476;30571
06:18:56;0.3816;10.13745704;good;good;509.4893;510;11474.9436;3484.6879;3485;2103.81851;31062
06:24:48;0.378;11.56862745;good;good;494.489;495;11632.9161;3471.2241;3470;2091.16319;29933
06:30:40;0.369;11.56862745;good;good;495.0005;495;11700.0838;3512.3217;3520;2099.08137;30552
06:36:32;0.378;11.56862745;good;good;495.0129807;510;11626.2762;3470.0339;3460;2088.19161;31064
06:42:24;0.3816;11.56862745;good;good;480.0110511;495;11696.77845;3497.1487;3495;2158.80538;31103
06:48:16;0.387;11.56862745;good;good;509.9753;510;11775.0758;3509.9702;3510;2179.17711;30520
06:54:08;0.378;10.98148148;good;good;481.98524;495;11744.5905;3496.9363;3495;2163.07652;30541
07:00:00;0.3942;10.98148148;good;good;509.7856;510;11550.386;3485.0322;3485;2246.33618;30118
07:05:52;0.3996;10.98148148;good;good;495.0291889;510;11550.1171;3469.7853;3460;2095.6438;30546
07:11:44;0.4266;10.98148148;good;good;499.10711;510;11484.86138;3487.3249;3485;2135.63449;30489
07:17:36;0.3816;9.983333333;good;good;509.7261;510;11625.6453;3484.9681;3485;2169.54623;27896
07:23:28;0.3816;9.983333333;good;good;480.0180383;495;11623.43466;3470.005;3470;2114.5361;30526
07:29:20;0.378;10.18707483;good;good;506.6023;510;11542.2717;3486.153;3485;2177.31714;30510
07:35:12;0.378;11.21722846;good;good;494.7845;495;11786.6982;3495.8537;3495;2111.19217;30017
07:41:04;0.3726;11.21722846;good;good;494.9633404;510;11635.24583;3519.2981;3510;2211.29071;30021
07:46:56;0.369;12.02811245;good;good;494.9414;495;11647.4965;3470.6942;3470;2045.28609;30585
07:52:48;0.3762;13.67579909;good;good;494.999;495;11549.915;3491.5672;3495;2231.98735;30568
07:58:40;0.414;15.35897436;good;good;494.4994;495;11551.9218;3446.0459;3445;2023.82152;30760
08:04:32;0.432;13.67579909;good;good;494.9615;495;11625.1569;3486.5268;3495;2133.89574;30805
08:10:24;0.405;13.67579909;good;good;494.9979;495;11626.3667;3469.9643;3470;2094.84184;31270
08:16:16;0.432;12.02811245;good;good;509.9676;510;11484.78977;3484.9832;3485;2143.95641;31566
08:22:08;0.4086;12.02811245;good;good;495.0025;495;11624.9529;3470.0387;3470;2167.98315;30798
08:28:00;0.423;12.02811245;good;good;495.0217;495;11625.8171;3470.0159;3470;2078.33865;31265
08:33:52;0.423;11.21722846;good;good;509.7874;510;11625.3187;3484.9998;3485;2134.60073;31313
08:39:44;0.396;11.21722846;good;good;495.173;495;11633.6511;3470.0199;3470;2091.67258;30805
08:45:36;0.4266;11.09259259;good;good;510.0166;510;11624.9286;3485.1466;3485;2137.65626;31510
08:51:28;0.405;11.09259259;good;good;495.0905;495;11634.6513;3470.2444;3470;2072.97876;31321
08:57:20;0.4266;11.09259259;good;good;494.9391602;510;11475.0122;3469.9819;3460;2096.74929;31324
09:03:12;0.414;11.09259259;good;good;509.9445;510;11624.638;3485.6066;3485;2142.30374;30295
09:09:04;0.4086;11.09259259;good;good;495.0339;495;11625.0577;3470.0085;3470;2124.52854;31337
09:14:56;0.414;12.35416667;good;good;495.258712;510;11635.32935;3517.5384;3510;2160.86043;31376
09:20:48;0.3906;12.35416667;good;good;495.0014;495;11625.0164;3470.023;3470;2139.11545;30806
09:26:40;0.432;11.23106061;good;good;495.0026;495;11642.4614;3519.6386;3520;2177.08523;31540
09:32:32;0.3996;11.84738956;good;good;480.0215485;495;11548.69628;3470.6442;3470;2062.80578;30688
09:38:24;0.423;11.84738956;good;good;489.59855;495;11777.1859;3471.3514;3470;2045.60095;30812
09:44:16;0.4356;11.84738956;good;good;495.001;495;11774.9328;3519.8727;3520;2135.97545;31358
09:50:08;0.405;11.84738956;good;good;480.0093;480;11623.64245;3470.0098;3480;2083.40796;30969
09:56:00;0.4356;11.56862745;good;good;495.0018;495;11774.939;3519.7631;3520;2139.6491;31313
10:01:52;0.405;11.56862745;good;good;495.1282;495;11644.6102;3470.3297;3470;2115.93672;31299
10:07:44;0.4266;11.56862745;good;good;495.0033;495;11625.0104;3488.8719;3495;2142.99948;30318
10:13:36;0.414;11.56862745;good;good;495.1451;495;11631.3713;3470.0105;3470;2041.7674;30824
10:19:28;1.0242;11.56862745;good;bad;916.0768;906;2435.5051;7625.074;7606.3;1678.58789;29646
10:25:20;1.8576;11.56862745;good;bad;911.94492;928.8;2345.4217;7543.608144;7507.47;1620.94444;29618
10:31:12;1.89;10.13745704;good;bad;907.738;923.7;2450.7047;7636.509244;7547.4;1710.42173;29690
10:37:04;1.8576;9.833333333;good;bad;908.912173;908.1;2361.5991;7516.2875;7580.65;1615.23693;30700
10:42:56;1.0224;9.833333333;good;bad;905.65794;912.3;2436.0421;7533.0695;7513.84;1674.73868;30139
10:48:48;1.845;10.81481481;good;bad;905.729721;916.5;2361.658;7498.561744;7553.1;1643.90968;30183
10:54:40;1.0368;9.931972789;good;bad;930.96021;916.5;2450.8079;7627.4907;7575.95;1754.9056;30150
11:00:32;1.8666;9.733333333;good;bad;912.12042;928.5;2346.2917;7469.832344;7512.12;1602.7199;29635
11:06:24;0.459;6.403508772;good;good;909.29268;925.8;2450.7496;7586.3918;7546.45;1727.67619;30377
11:12:16;1.053;0.686897201;bad;bad;908.133842;912;2361.5038;7528.3829;7573.05;1646.6071;30224
11:18:08;1.8792;0.561322568;bad;bad;907.02024;922.5;2450.371;7614.0138;7555.95;1785.79915;29680
11:24:00;1.9386;0.55203533;bad;bad;912.515819;929.7;2346.4683;7485.5247;7556.9;1618.20079;29183
11:29:52;1.845;0.546993912;bad;bad;917.659166;907.2;2361.3652;7521.195544;7583.5;1652.77965;30725
11:35:44;0.477;0.546993912;bad;good;910.04002;926.7;2435.6804;7575.487689;7536;1703.73629;30112
11:41:36;1.8396;0.535082822;bad;bad;904.969842;910.2;2361.8935;7504.651244;7574.95;1625.85208;30737
11:47:28;1.8378;0.270410083;bad;bad;900.01626;911.7;2465.7268;7639.5034;7587.3;1727.01154;30738
11:53:20;1.8036;0.24194227;bad;bad;918.377373;904.5;2361.423;7546.757144;7594.9;1589.9354;30201
11:59:12;0.4194;0.24194227;bad;good;911.02118;928.2;2450.3895;7590.2828;7536;1752.53086;30380
12:05:04;1.98;0.240545515;bad;bad;904.36874;923.7;2450.6129;7623.6732;7600.6;1677.92421;30135
12:10:56;1.1376;0.240545515;bad;bad;908.23846;927;2345.6465;7628.5165;7547.35;1642.07184;29648
12:16:48;1.8972;0.239763156;bad;bad;912.6913;929.1;2435.506;7602.5879;7532.75;1747.04458;30190
12:22:40;1.89;0.239583333;bad;bad;904.9697;921.9;2360.6673;7595.9051;7542.9;1649.6387;30206
12:28:32;1.9332;0.237917908;bad;bad;906.71244;920.1;2450.4407;7614.315944;7579.25;1732.91501;30149
12:34:24;1.8756;0.237505163;bad;bad;913.76104;930.6;2345.5984;7428.668644;7508.47;1676.93411;29709
12:40:16;1.8972;0.236333744;bad;bad;904.7792;921;2450.7873;7596.0694;7555;1706.82222;30225
12:46:08;0.414;0.234445818;bad;good;900.25092;918.3;2465.2678;7624.8544;7569.25;1652.51348;31253
12:52:00;1.9062;0.233005733;bad;bad;913.11646;930;2361.1124;7551.444844;7598.7;1654.52853;31835
12:57:52;1.899;0.232263858;bad;bad;914.4784;904.2;2435.8109;7540.1652;7508.4;1762.52688;31299
13:03:44;1.8972;0.2279759;bad;bad;920.4427;910.8;2361.5317;7610.8738;7569.25;1637.20339;31532
13:09:36;0.9882;0.2279759;bad;bad;903.64927;916.2;2451.3281;7623.9022;7571.15;1755.20989;30821
13:15:28;1.9152;0.227642276;bad;bad;909.99476;926.1;2345.8427;7428.083244;7509.33;1582.99227;30740
13:21:20;0.9828;0.227642276;bad;bad;909.12961;926.7;2435.7606;7563.6951;7532.2;1772.42825;31851
13:27:12;1.0332;0.227642276;bad;bad;920.428122;907.2;2361.4248;7486.624044;7570.05;1620.63419;31657
13:33:04;0.9864;0.227642276;bad;bad;916.4578;908.4;2450.3212;7636.784;7595;1683.9345;31252
13:38:56;0.3816;0.227642276;bad;good;904.909551;919.5;2345.5284;7566.0937;7535.05;1628.78847;31560
13:44:48;0.9882;0.227642276;bad;bad;901.04179;917.4;2450.498;7612.2655;7560.7;1724.40163;30724
13:50:40;1.017;0.227642276;bad;bad;917.234671;905.1;2330.3272;7540.0282;7530.3;1566.77015;31259
13:56:32;1.0098;0.227642276;bad;bad;910.406411;925.8;2345.3643;7534.452289;7511.19;1590.13419;31344
14:02:24;0.396;0.227642276;bad;good;909.36593;927.3;2450.47;7577.1625;7533.15;1700.21341;31826
14:08:16;1.953;0.224874168;bad;bad;908.32453;922.8;2345.3542;7544.413689;7529.35;1601.99854;31841
14:14:08;0.4122;0.224874168;bad;good;902.21381;918.3;2465.0532;7614.3159;7562.6;1722.00081;31436
14:20:00;1.9476;0.223710922;bad;bad;906.053751;920.1;2345.4177;7569.096944;7535.05;1612.15155;31482
14:25:52;0.396;0.223710922;bad;good;907.3865;923.7;2435.5555;7584.496544;7544.55;1706.98779;32566
14:31:44;1.8756;0.221815222;bad;bad;901.14443;916.2;2450.6432;7550.2087;7499.1;1714.04872;31268
14:37:36;1.9368;0.221815222;bad;bad;904.879882;913.98;2360.9054;7604.9407;7569.25;1634.75354;31825
14:43:28;1.0656;0.221815222;bad;bad;905.73126;922.2;2450.7927;7609.171;7541.35;1716.29511;30714
14:49:20;1.0314;0.221815222;bad;bad;914.02456;901.8;2345.6696;7448.664944;7495.24;1584.82622;31348
14:55:12;1.0008;0.219910241;bad;bad;915.2401;904.8;2450.502;7550.8684;7509.33;1707.46264;31297
15:01:04;1.8864;0.219910241;bad;bad;919.827202;911.4;2346.4209;7603.9161;7567.35;1578.68827;30701
15:06:56;1.071;0.219910241;bad;bad;903.69501;919.8;2450.899;7617.0268;7560.7;1722.62328;31537
15:12:48;0.4176;0.219910241;bad;good;901.07098;914.7;2345.5957;7589.110444;7641.51;1611.64762;31825
15:18:40;0.4176;0.219910241;bad;good;902.492431;915.9;2405.5762;7521.927;7506.95;1573.46585;31945
15:24:32;0.4356;0.219910241;bad;good;906.71275;915.3;2331.4335;7511.0878;7542.37;1630.91741;31357
15:30:24;0.4176;0.219910241;bad;good;908.88286;922.5;2405.5254;7563.6039;7499.36;1635.94512;32281
15:36:16;0.4176;0.219910241;bad;good;919.7541;912.9;2345.3713;7615.3326;7654.02;1582.70929;31933
15:42:08;0.441;0.217035217;bad;good;910.831013;908.7;2405.8879;7537.9593;7537.1;1603.05535;31461
15:48:00;0.4266;0.217035217;bad;good;905.87778;892.08;2345.3226;7612.4118;7512.64;1686.08808;31468
15:53:52;0.423;0.217035217;bad;good;914.009989;929.7;2405.4397;7587.3528;7560.83;1578.43969;30960
15:59:44;0.4482;0.217035217;bad;good;902.40578;916.2;2361.4321;7508.4598;7551.72;1702.83805;31272
16:05:36;0.432;0.217035217;bad;good;903.444363;914.7;2421.5184;7546.7574;7519.05;1637.78588;31921
16:11:28;0.441;0.217035217;bad;good;911.21152;925.08;2331.4494;7565.0772;7531.35;1640.12748;31463
16:17:20;0.4356;0.215106732;bad;good;888.295671;902.7;2361.3374;7615.5429;7562.92;1561.45651;31437
16:23:12;0.441;0.215106732;bad;good;907.26968;921.3;2405.9283;7584.560989;7587.6;1596.30328;31497
16:29:04;0.4266;0.215106732;bad;good;896.207489;915.6;2346.2824;7541.566344;7563.86;1656.75924;31398
16:34:56;0.4266;0.215106732;bad;good;916.985473;902.7;2421.2159;7546.6194;7468.74;1600.45744;30975
16:40:48;0.441;0.215106732;bad;good;913.13061;931.8;2345.0487;7637.608544;7601.74;1685.63038;32258
16:46:40;0.4266;0.215106732;bad;good;904.631053;916.8;2406.2224;7612.4025;7597.43;1630.04806;31928
16:52:32;0.4266;0.215106732;bad;good;910.72868;899.1;2420.2264;7564.5003;7512.16;1663.79042;31772
16:58:24;0.432;0.215106732;bad;good;914.6249;903;2331.0415;7494.533844;7527.69;1630.41494;31435
17:04:16;0.4176;0.215106732;bad;good;907.18171;922.2;2405.428;7557.0117;7525.54;1575.36376;31475
17:10:08;0.432;0.215106732;bad;good;908.25069;924.9;2345.918;7559.446944;7540.09;1629.07554;31978
17:16:00;0.423;0.215106732;bad;good;903.70986;921.3;2406.8082;7597.81776;7589.82;1604.1741;31421
17:21:52;0.423;0.215106732;bad;good;911.47532;928.8;2346.0665;7531.806444;7518.83;1648.18067;31929
17:27:44;0.432;0.215106732;bad;good;906.786431;923.4;2405.1504;7614.3064;7585.62;1599.54807;31908
17:33:36;0.432;0.215106732;bad;good;904.53006;911.1;2316.7131;7439.445544;7475.43;1630.5224;30306
17:39:28;0.441;0.215106732;bad;good;494.969886;510;11680.5486;3494.9631;3485;2064.55195;30408
17:45:20;0.423;0.215106732;bad;good;509.6524;510;11625.6587;3484.9739;3485;2148.54558;30499
17:51:12;0.423;0.215106732;bad;good;418.2953;495;11624.8545;3470.0012;3470;2107.55258;28931
17:57:04;0.4122;0.215106732;bad;good;497.1647;510;11485.27017;3488.5079;3485;2170.77376;30032
18:02:56;0.423;0.215106732;bad;good;416.0732;480;11773.6898;3495.003;3505;2171.63731;29963
18:08:48;0.4266;0.215106732;bad;good;494.9491905;510;11480.9897;3494.8585;3485;2154.19047;29482
18:14:40;0.4086;0.215106732;bad;good;415.2529;495;11623.55652;3470.0026;3470;2147.90146;30537
18:20:32;0.4356;0.215106732;bad;good;495.0077;495;11662.5046;3519.6098;3520;2178.09233;29995
18:26:24;0.4212;0.215106732;bad;good;401.3898804;495;11548.32836;3470.0025;3470;2086.0212;30551
18:32:16;0.4086;0.215106732;bad;good;499.9754;510;11635.4003;3511.9824;3510;2066.18977;30002
18:38:08;0.4266;0.215106732;bad;good;403.3008651;495;11848.41435;3520.1855;3520;2246.53522;29440
18:44:00;0.423;0.215106732;bad;good;495.0159;495;11474.9228;3469.5003;3470;2129.74495;29969
18:49:52;0.4302;0.215106732;bad;good;501.28233;510;11635.2268;3511.7308;3510;2151.91761;29451
18:55:44;0.414;0.215106732;bad;good;415.7358;495;11626.6265;3469.9864;3470;2200.42551;30007
19:01:36;0.441;0.212196127;bad;good;494.948297;510;11630.7853;3519.8464;3510;2193.81237;30502
19:07:28;0.4338;0.212196127;bad;good;418.3952;495;11329.0879;3420.3611;3420;2069.7123;29974
19:13:20;0.423;0.212196127;bad;good;494.9415425;510;11400.7447;3469.9757;3460;2168.77596;29997
19:19:12;0.4356;0.212196127;bad;good;404.9112;480;11548.29755;3470.0069;3480;2232.55416;29409
19:25:04;0.3996;0.212196127;bad;good;418.8739;495;11627.5931;3446.195;3445;2031.68334;30003
19:30:56;0.432;0.212196127;bad;good;495.0022;495;11550.5944;3491.0948;3495;2134.36641;29993
19:36:48;0.4176;0.212196127;bad;good;403.4634722;495;11623.09781;3472.3402;3470;2047.99533;29966
19:42:40;0.4176;0.212196127;bad;good;495.0113;495;11549.251;3494.4535;3495;2145.71062;30013
19:48:32;0.423;0.212196127;bad;good;417.0286;495;11624.9415;3469.997;3470;2118.0003;30008
19:54:24;0.432;0.212196127;bad;good;494.9994;495;11699.7648;3519.3984;3520;2122.85386;30546
20:00:16;0.4086;0.212196127;bad;good;407.12636;495;11677.5569;3472.9646;3470;2071.04972;29960
20:06:08;1.9692;0.211986499;bad;bad;914.786222;901.2;2361.238;7516.654589;7583.5;1685.64688;30836
20:12:00;1.9512;0.21110018;bad;bad;906.85906;923.1;2450.0281;7593.2858;7545.5;1741.41372;31232
20:17:52;0.3816;0.21110018;bad;good;915.811671;901.8;2361.0533;7557.679789;7592.05;1618.6761;30326
20:23:44;1.0296;0.21110018;bad;bad;910.2009;927.3;2435.1763;7567.357444;7535.05;1765.57955;30800
20:29:36;1.0404;0.21110018;bad;bad;917.864522;907.8;2361.1411;7603.6959;7573.05;1674.27605;30346
20:35:28;1.9368;0.209861451;bad;bad;916.7949;905.7;2435.095;7544.185;7504.68;1762.5286;29779
20:41:20;1.9872;0.20757759;bad;bad;911.153391;926.7;2345.1981;7527.054544;7512.12;1627.61868;31306
20:47:12;0.4086;0.210441767;bad;good;910.49404;927.6;2450.2462;7590.3656;7536;1748.3432;29771
20:53:04;1.8738;0.210441767;bad;bad;906.800911;921;2345.39;7456.282189;7534.1;1652.22771;30315
20:58:56;1.0494;0.210441767;bad;bad;912.8234;900.9;2435.4981;7562.7339;7525.5;1730.16762;30769
21:04:48;0.4104;0.210441767;bad;good;905.026562;915;2345.9786;7595.4833;7554.05;1669.06047;30801
21:10:40;1.9386;0.209532949;bad;bad;912.29598;900.9;2450.3724;7577.8956;7525.55;1758.41351;30841
21:16:32;1.9116;0.210441767;bad;bad;902.8453;918;2450.737;7604.1901;7565.45;1740.65757;30796
21:22:24;0.396;0.210441767;bad;good;907.460142;911.4;2361.4423;7498.571889;7563.55;1609.23388;30314
21:28:16;1.008;0.210441767;bad;bad;905.43802;920.1;2450.7523;7597.0853;7555.95;1770.88008;30737
21:34:08;0.387;0.210441767;bad;good;900.602732;910.2;2361.2964;7518.860144;7574;1638.15667;30802
21:40:00;0.4176;0.211391897;bad;good;905.45299;920.7;2435.4731;7583.3243;7555;1721.58027;30851
21:45:52;1.026;0.211391897;bad;bad;909.98006;925.2;2360.385;7662.583444;7614.85;1605.90814;30823
21:51:44;1.1142;0.210441767;bad;bad;912.95515;929.4;2361.1596;7533.353344;7592.05;1627.44709;29882
21:57:36;1.0134;0.212593314;bad;bad;908.66099;925.5;2450.3409;7599.5116;7543.6;1767.26146;30842
22:03:28;1.0332;0.212593314;bad;bad;903.678832;918.6;2345.4487;7566.240889;7533.15;1663.79412;30522
22:09:20;1.7388;0.212593314;bad;bad;914.6981;903.6;2435.1799;7568.8131;7512.12;1716.41629;30301
22:15:12;1.1052;0.212593314;bad;bad;902.887912;917.4;2345.4792;7596.6464;7545.5;1637.95084;31496
22:21:04;1.971;0.212593314;bad;bad;916.6774;906;2450.1786;7549.9073;7501.89;1764.69731;30844
22:26:56;1.044;0.212593314;bad;bad;906.464071;921;2345.9493;7601.9194;7534.1;1626.46134;31680
22:32:48;0.4356;0.212593314;bad;good;495.0009;495;11699.922;3513.1636;3520;2154.54475;31325
22:38:40;0.396;0.212593314;bad;good;494.9994;495;11698.27139;3495.0162;3495;2140.97491;30948
22:44:32;0.4032;0.213550531;bad;good;496.49261;510;11634.96028;3515.0683;3510;2205.38352;30916
22:50:24;0.3906;0.214505423;bad;good;495.0049;495;11625.0852;3470.0089;3470;2102.16047;30433
22:56:16;0.432;0.214505423;bad;good;494.9998;495;11660.9601;3517.4414;3520;2231.65003;30472
23:02:08;0.423;0.214505423;bad;good;494.9499;495;11700.5306;3510.0074;3520;2165.3583;31425
23:08:00;0.414;0.215657552;bad;good;494.9999;495;11475.2297;3470.0309;3470;2224.59528;31496
23:13:52;0.378;0.215657552;bad;good;495.0011;495;11624.919;3469.988;3470;2149.05007;31020
23:19:44;0.405;0.215657552;bad;good;494.9981;495;11624.9584;3515.3247;3520;2222.57378;31016
23:25:36;0.3906;0.215657552;bad;good;491.7589;495;11642.3416;3471.2067;3470;2152.31668;31020
23:31:28;0.432;0.215657552;bad;good;509.5524;510;11625.4316;3485.05;3485;2166.66184;31534
23:37:20;0.4356;0.215657552;bad;good;496.467;510;11485.2237;3490.1704;3485;2153.78106;30969
23:43:12;0.423;0.215657552;bad;good;480.0200796;495;11550.7936;3473.0315;3470;2132.46777;31624
23:49:04;0.405;0.215657552;bad;good;481.9261;495;11801.9181;3497.3778;3495;2117.94317;30459
23:54:56;0.378;0.215657552;bad;good;495.1411;495;11627.9366;3470.0198;3470;2114.66322;30939
00:00:48;0.396;0.219938929;bad;good;494.9981;495;11693.3326;3511.5477;3520;2211.7262;31049
00:06:40;0.369;0.219938929;bad;good;482.50802;495;11782.8245;3496.4842;3495;2119.50576;31573
00:12:32;0.387;0.22324387;bad;good;509.5722;510;11775.6503;3509.982;3510;2183.34901;30403
00:18:24;0.4392;0.221308753;bad;good;509.8579;510;11625.9202;3484.958;3485;2162.04346;32075
00:24:16;0.3996;0.227714406;bad;good;480.487854;495;11606.7093;3473.8054;3470;2120.01571;30402
00:30:08;0.4176;0.272387305;bad;good;509.9578;510;11621.4815;3485.6458;3485;2203.2013;30991
00:36:00;0.3996;0.272387305;bad;good;495.0639;495;11630.2983;3470.3783;3470;2110.84129;31523
00:41:52;0.4266;0.272387305;bad;good;494.8933;495;11625.5478;3509.9748;3520;2132.2732;30456
00:47:44;0.4356;0.272387305;bad;good;495.0724;495;11779.4233;3495.5813;3495;2057.5062;31452
00:53:36;0.4356;0.471566054;bad;good;509.892;495;11625.3304;3484.9736;3495;2167.09891;30999
00:59:28;0.423;0.471566054;bad;good;914.8448;906.6;2435.2876;7573.29;7545.5;1615.80602;30552
01:05:20;0.4014;0.471566054;bad;good;913.80494;929.4;2360.2609;7622.950289;7603.45;1658.01737;30422
01:11:12;0.396;0.471566054;bad;good;927.75215;923.4;2434.9809;7583.251544;7549.3;1723.22345;30409
01:17:04;0.3942;0.471566054;bad;good;915.196473;930.6;2344.9741;7520.242789;7503.75;1608.75471;30979
01:22:56;1.0008;0.471566054;bad;bad;916.7656;906;2435.1229;7545.3654;7502.82;1674.31683;30982
01:28:48;0.9972;0.471566054;bad;bad;911.82718;927;2360.778;7551.518589;7613.9;1621.39626;29898
01:34:40;0.414;0.471566054;bad;good;906.39057;921.96;2451.2913;7581.6399;7555;1676.036;30478
01:40:32;0.387;0.471566054;bad;good;904.661961;918.3;2361.1887;7599.0727;7546.45;1657.68864;30983
01:46:24;0.5472;0.471566054;bad;good;901.12973;914.7;2450.9877;7624.6439;7574.95;1729.71155;30387
01:52:16;0.3996;0.471566054;bad;good;903.224793;917.7;2360.7765;7629.8347;7547.4;1635.06879;29468
01:58:08;0.3996;0.471566054;bad;good;911.91477;929.1;2435.6518;7560.3901;7527.45;1727.437;30966
02:04:00;1.0242;0.471566054;bad;bad;906.273361;912;2331.5438;7485.882389;7544.55;1612.16513;29971
02:09:52;0.3852;0.471566054;bad;good;909.21802;926.1;2360.6808;7667.345144;7613.9;1633.13206;31089
02:15:44;0.423;0.4743255;bad;good;900.70486;912;2451.0449;7609.9036;7584.45;1704.55953;30839
02:21:36;0.423;0.4743255;bad;good;916.588111;902.7;2361.0717;7580.971889;7593.95;1622.95745;30487
02:27:28;0.414;0.4743255;bad;good;899.13723;913.5;2450.7955;7597.7533;7573.05;1746.50769;30920
02:33:20;0.423;0.4743255;bad;good;906.420083;910.8;2361.3658;7498.644989;7564.6;1638.94488;29999
02:39:12;0.4878;0.4743255;bad;good;917.2196;909;2450.3247;7626.832444;7593;1731.77301;30498
02:45:04;0.4392;0.4743255;bad;good;910.33286;925.5;2465.686;7643.7516;7601.45;1693.22004;30423
02:50:56;0.396;0.4743255;bad;good;901.056693;914.1;2345.8026;7611.46;7580.65;1584.39103;30578
02:56:48;0.405;0.4743255;bad;good;915.1248;903.6;2436.7879;7554.6037;7462.675;1714.40795;30665
03:02:40;0.3996;0.4743255;bad;good;906.34663;921.3;2345.5566;7582.656489;7542.65;1603.31851;31226
03:08:32;0.405;0.4743255;bad;good;935.12237;917.4;2435.5748;7596.435044;7566.5;1727.4829;30472
03:14:24;0.3906;0.4743255;bad;good;903.136752;917.4;2345.4095;7580.019889;7543.6;1631.096;30964
03:20:16;0.4176;0.4743255;bad;good;899.44494;913.2;2451.073;7616.27508;7583.5;1756.16392;30421
03:26:08;0.4086;0.4743255;bad;good;903.29983;919.8;2435.3857;7599.8683;7562.6;1676.61538;30284
03:32:00;0.3816;0.4743255;bad;good;902.535922;918.6;2345.3915;7596.6553;7537.85;1600.00405;30318
03:37:52;0.396;0.4743255;bad;good;916.9267;909;2450.0696;7638.1846;7602.45;1715.17591;30794
03:43:44;1.8648;0.27458686;bad;bad;902.301742;914.7;2346.5068;7589.1203;7557.85;1646.67362;30336
03:49:36;0.4212;0.27458686;bad;good;907.92849;926.52;2434.5833;7611.3034;7539.925;1677.78039;30869
03:55:28;0.9702;0.27458686;bad;bad;892.179422;910.2;2361.3866;7528.675733;7667.7;1634.67301;30301
04:01:20;0.396;0.27458686;bad;good;890.1575;909;2450.6458;7659.9473;7580.25;1731.1187;30821
04:07:12;0.4122;0.27458686;bad;good;910.990371;930.36;2345.4216;7450.349744;7521.375;1599.39203;30813
04:13:04;0.9666;0.27458686;bad;bad;932.339;921;2450.1954;7590.3555;7639.5;1740.17113;30885
04:18:56;0.432;0.27458686;bad;good;915.843022;904.56;2361.3361;7439.078678;7504.61;1614.21139;30321
04:24:48;0.9738;0.27458686;bad;bad;903.0654;906.96;2450.4369;7652.4765;7623.775;1718.0284;30317
04:30:40;0.3888;0.27458686;bad;good;906.214849;922.8;2345.4105;7618.554433;7562.34;1674.74449;31089
04:36:32;0.4068;0.27458686;bad;good;902.580021;917.7;2345.7535;7585.4306;7544.6;1647.86471;30356
04:42:24;0.9792;0.27458686;bad;bad;909.99592;928.5;2449.9797;7608.593644;7653.5;1712.5092;30767
04:48:16;1.1502;0.272936699;bad;bad;907.63582;922.8;2360.3554;7559.657;7526.5;1575.11793;30829
04:54:08;0.396;0.272936699;bad;good;917.893562;910.2;2435.9234;7529.389;7491.73;1679.22848;30830
05:00:00;0.378;0.272936699;bad;good;908.55868;923.4;2345.5193;7549.614489;7525.55;1700.09968;30237
05:05:52;0.972;0.272936699;bad;bad;900.32417;916.5;2465.0811;7628.0038;7572.1;1755.24252;30305
05:11:44;0.3906;0.274027403;bad;good;909.14448;926.4;2450.4787;7583.8373;7562.6;1738.21261;31639
05:17:36;1.8486;0.232965718;bad;bad;915.885022;903.3;2361.0633;7566.313089;7597.75;1587.0648;30428
05:23:28;0.387;0.233948087;bad;good;918.21594;909.6;2465.2303;7645.5825;7601.55;1759.15158;30741
05:29:20;0.387;0.233948087;bad;good;906.19994;922.5;2376.0469;7693.9336;7632.2;1653.68802;30822
05:35:12;0.9792;0.232965718;bad;bad;907.7236;924.3;2450.7334;7604.8585;7545.5;1702.00569;30730
05:41:04;0.3816;0.233948087;bad;good;918.435622;906.6;2345.5222;7534.827233;7577.8;1599.34614;30337
05:46:56;0.3996;0.235905297;bad;good;910.91894;928.2;2435.0701;7573.655844;7535.05;1728.68124;30816
05:52:48;0.414;0.235905297;bad;good;907.53313;924.3;2450.6767;7581.347744;7542.65;1641.31733;31655
05:58:40;0.405;0.276199023;bad;good;905.614411;922.2;2345.5192;7565.5075;7529.35;1614.82853;31433
06:04:32;0.4212;0.458229942;bad;good;915.8428;906.6;2450.6363;7622.8768;7595.85;1644.03517;30657
06:10:24;0.414;0.458229942;bad;good;911.1389;928.8;2346.0356;7485.287244;7503.75;1646.09668;30786
06:16:16;0.972;0.458229942;bad;bad;913.4971;904.2;2450.3027;7627.7107;7604.4;1726.50443;31713
06:22:08;0.405;0.458229942;bad;good;906.478541;923.4;2345.2745;7560.234744;7526.5;1697.9672;31010
06:28:00;0.405;0.481099656;bad;good;916.2968;910.5;2450.5675;7581.7774;7593;1777.78158;31100
06:33:52;0.4086;0.494088583;bad;good;906.346631;923.7;2345.3424;7560.014344;7526.5;1653.37727;30719
06:39:44;0.405;0.494088583;bad;good;929.4974;914.7;2450.0484;7612.9885;7658.8;1745.71143;31125
06:45:36;0.9828;0.529701097;bad;bad;903.883722;916.2;2345.9101;7566.9179;7545.5;1655.91464;31494
06:51:28;0.4086;0.535168196;bad;good;895.47513;910.2;2466.1308;7603.1006;7610.05;1685.48365;31717
06:57:20;0.4086;0.535168196;bad;good;904.221082;916.2;2360.6116;7688.3759;7585.4;1611.00402;31201
07:03:12;0.396;0.543900544;bad;good;902.389621;919.2;2345.5865;7573.5838;7536;1617.96235;31300
07:09:04;0.396;0.549342751;bad;good;907.34256;925.2;2450.8009;7625.2204;7560.15;1740.68691;32040
07:14:56;0.3996;0.549342751;bad;good;918.845822;908.4;2345.5127;7529.700444;7574.95;1593.37704;31720
07:20:48;0.4014;0.550665102;bad;good;909.71762;928.5;2435.9612;7559.21784;7522.7;1758.2109;32234
07:26:40;0.3906;0.550665102;bad;good;882.917531;893.4;2346.421;7576.4492;7555;1652.48718;31183
07:32:32;0.4104;0.551979715;bad;good;898.91784;915;2450.7213;7616.2113;7567.35;1762.22321;31210
07:38:24;0.414;0.555228566;bad;good;898.59529;913.5;2465.7281;7649.3271;7600.6;1753.45196;31176
07:44:16;0.4176;0.565547562;bad;good;903.869163;915.9;2346.3015;7567.4301;7556.9;1588.99062;31226
07:50:08;0.4176;0.575905576;bad;good;913.7021;902.4;2435.1328;7548.2314;7525.55;1685.03885;31688
07:56:00;0.4176;0.581586519;bad;good;904.98446;921;2345.5669;7585.2934;7537.9;1558.07825;31177
08:01:52;0.423;0.594038623;bad;good;912.0324;929.7;2450.0184;7587.0506;7524.6;1761.57723;31706
08:07:44;0.4212;0.597046414;bad;good;905.76052;921.9;2345.5084;7499.945089;7527.45;1561.90486;31676
08:13:36;0.9684;0.598182202;bad;bad;909.87867;929.4;2450.2138;7563.9148;7528.4;1744.54257;31716
08:19:28;0.369;0.60441895;bad;good;494.9163;495;11675.8044;3484.9183;3495;2138.67863;31038
08:25:20;0.3816;0.60441895;bad;good;495.006;495;11624.9171;3469.995;3470;2159.6512;31441
08:31:12;0.369;0.60441895;bad;good;494.9983;495;11628.3235;3519.9253;3520;2205.2055;29978
08:37:04;0.387;0.60441895;bad;good;495.0368;495;11625.0318;3469.9933;3470;2121.90259;30539
08:42:56;0.3816;0.60441895;bad;good;495.0031;495;11549.9724;3490.9963;3495;2244.66196;31552
08:48:48;0.369;0.60441895;bad;good;485.34494;495;11658.46;3471.2111;3470;2115.78392;30483
08:54:40;0.3726;0.60441895;bad;good;494.997;495;11475.0566;3495.0141;3495;2154.61136;30992
09:00:32;0.3816;0.605675561;bad;good;495.0145;495;11552.5259;3469.9767;3470;2048.94302;30963
09:06:24;0.3636;0.605675561;bad;good;494.9821;495;11698.4466;3514.6023;3520;2201.71169;31063
09:12:16;0.3816;0.605675561;bad;good;495.1257;495;11627.8581;3470.0204;3470;2144.79429;31036
09:18:08;0.3816;0.605675561;bad;good;509.9841;510;11625.2571;3484.97;3485;2179.29142;31571
09:24:00;0.3762;0.606924214;bad;good;495.0335;495;11641.217;3469.8389;3470;2141.9178;31556
09:29:52;0.369;0.606924214;bad;good;485.76158;495;11630.8977;3496.0308;3495;2109.28223;31585
09:35:44;0.378;0.606924214;bad;good;495.253845;510;11635.01294;3517.561;3510;2145.62556;31583
09:41:36;0.3906;0.606924214;bad;good;495.0048;495;11624.9672;3470.0083;3470;2137.36591;30571
09:47:28;0.369;0.606924214;bad;good;495.0011;495;11633.0732;3519.6329;3520;2189.35813;31554
09:53:20;0.378;0.606924214;bad;good;495.0048;495;11623.58466;3495.0549;3495;2170.39929;31006
09:59:12;0.378;0.606924214;bad;good;498.04757;510;11485.1169;3487.6015;3485;2205.8678;30537
10:05:04;0.3726;0.606924214;bad;good;509.5961;510;11625.2958;3484.9574;3485;2177.47492;30928
10:10:56;0.3816;0.606924214;bad;good;495.0042;495;11626.3659;3469.1035;3470;2102.06649;30481
10:16:48;0.3672;0.606924214;bad;good;494.9998;495;11624.8674;3517.4884;3520;2135.34068;30508
10:22:40;0.3816;0.606924214;bad;good;495.007;495;11624.9479;3470.0389;3470;2090.75001;31142
10:28:32;0.369;0.606924214;bad;good;494.9935;495;11775.4421;3510.0245;3520;2162.64399;31565
10:34:24;0.369;0.606924214;bad;good;494.9987;495;11623.95041;3488.0937;3495;2120.86012;31532
10:40:16;0.3726;0.609397944;bad;good;509.5946;510;11621.4748;3485.6932;3485;2173.91312;31051
10:46:08;0.3816;0.609397944;bad;good;497.91359;510;11635.5133;3487.5927;3485;2107.15743;31053
10:52:00;0.3906;0.61062317;bad;good;480.200512;495;11645.5331;3498.846;3495;2158.26783;31049
10:57:52;0.3636;0.61062317;bad;good;495.003;495;11549.926;3493.9617;3495;2136.98295;31041
11:03:44;0.396;0.61062317;bad;good;495.1179;495;11936.6055;3519.8888;3520;2096.38116;30947
11:09:36;0.3636;0.61062317;bad;good;499.21083;510;11485.4578;3487.3053;3485;2146.81713;31595
11:15:28;0.387;0.612159329;bad;good;495.0002;495;11624.8755;3469.9975;3470;2077.27079;31570
11:21:20;0.369;0.612544577;bad;good;495.0042;495;11624.938;3519.8069;3520;2179.51065;31073
11:27:12;0.3888;0.612544577;bad;good;495.0092;495;11625.1426;3469.9998;3470;2110.61859;31085
11:33:04;0.369;0.612544577;bad;good;495.0028;495;11699.9772;3517.0127;3520;2158.60389;31073
11:38:56;0.3996;0.612544577;bad;good;484.07477;495;11924.6679;3521.1691;3520;2158.89388;30650
11:44:48;0.3672;0.614967688;bad;good;494.9423;495;11625.4407;3485.0014;3495;2135.8163;31582
11:50:40;0.396;0.614967688;bad;good;480.0127049;495;11473.47321;3446.2116;3445;2116.4786;30811
11:56:32;0.387;0.616896696;bad;good;494.0646;495;11692.1869;3470.9518;3470;2153.66343;31597
12:02:24;0.3726;0.616896696;bad;good;494.9945;495;11625.0252;3485.0037;3495;2169.10561;30541
12:08:16;0.3906;0.616896696;bad;good;495.009;495;11624.8529;3469.9955;3470;2097.67869;31015
12:14:08;0.369;0.616896696;bad;good;495.0022;495;11475.2219;3494.4983;3495;2189.2636;31516
12:20:00;0.405;0.616896696;bad;good;495.0077;495;11774.972;3494.9986;3495;2133.29385;31574
12:25:52;0.3906;0.616896696;bad;good;495.0031;495;11474.8872;3493.7617;3495;2142.52071;30565
12:31:44;0.378;0.616896696;bad;good;509.546;510;11625.3222;3484.996;3485;2147.69826;31766
12:37:36;0.396;0.616896696;bad;good;495.0993;495;11640.4779;3469.8342;3470;2104.0396;31500
12:43:28;0.378;0.616896696;bad;good;494.9992;495;11624.9834;3519.6246;3520;2164.26898;31037
12:49:20;0.396;0.616896696;bad;good;494.997;495;11780.1695;3494.9605;3495;2133.95724;31100
12:55:12;0.3672;0.6204682;bad;good;494.9968;495;11549.9339;3491.0854;3495;2156.62344;31579
13:01:04;0.396;0.6204682;bad;good;495.0034;495;11775.932;3494.9982;3495;2102.80304;31574
13:06:56;0.378;0.6204682;bad;good;495.0011;495;11700.0084;3517.8802;3520;2169.88884;31544
13:12:48;0.5364;0.6204682;bad;good;904.86552;923.88;2345.3131;7574.6729;7536.95;1602.45786;31506
13:18:40;0.999;0.618546055;bad;bad;897.099422;908.1;2345.9219;7568.593878;7591;1579.15323;30833
13:24:32;1.908;0.614583333;bad;bad;911.0213;931.08;2451.1551;7614.6734;7521.56;1733.21049;31881
13:30:24;0.423;0.614583333;bad;good;919.358711;935.22;2359.7918;7604.2722;7578.25;1647.61352;30816
13:36:16;0.3996;0.614967688;bad;good;913.4511;932.4;2450.5771;7662.6575;7611.19;1703.9032;31360
13:42:08;1.0134;0.614583333;bad;bad;896.617722;902.04;2361.3937;7557.021589;7590.3;1622.77455;31341
13:48:00;1.026;0.613050707;bad;bad;900.44289;917.4;2450.8581;7571.0197;7584.05;1709.67586;30794
13:53:52;0.5634;0.613050707;bad;good;909.71603;924;2345.8209;7450.130289;7527.45;1628.97876;31297
13:59:44;0.6336;0.613050707;bad;good;901.8493;919.2;2465.5685;7617.0262;7558;1755.93717;30306
14:05:36;1.0188;0.608122037;bad;bad;908.20706;925.2;2345.5094;7547.709489;7513.98;1604.22449;31673
14:11:28;1.008;0.606995885;bad;bad;910.84556;929.4;2450.0383;7566.1119;7531.25;1763.95923;31392
14:17:20;1.0098;0.604013104;bad;bad;904.07588;918.9;2450.9472;7593.7248;7565.45;1683.36681;30840
14:23:12;1.053;0.590236094;bad;bad;914.610573;902.4;2361.0327;7540.311889;7587.3;1612.37728;31284
14:29:04;0.423;0.590236094;bad;good;917.2342;908.4;2435.3196;7528.8849;7498.17;1729.77155;31058
14:34:56;0.999;0.587064677;bad;bad;903.283251;919.5;2345.7219;7568.2275;7540.75;1578.03476;31335
14:40:48;0.4194;0.590236094;bad;good;915.6228;906.3;2450.1073;7578.7653;7506.54;1762.4969;31862
14:46:40;1.0098;0.587064677;bad;bad;916.985673;905.4;2360.9655;7526.111789;7586.35;1642.84691;31850
14:52:32;1.9044;0.58013766;bad;bad;909.17388;927.9;2450.3809;7584.203644;7539.8;1757.1061;31223
14:58:24;1.8972;0.577073552;bad;bad;895.69491;916.2;2449.9918;7626.6945;7574.95;1717.39407;30789
15:04:16;0.9954;0.577073552;bad;bad;910.85855;926.76;2360.981;7600.234933;7624.5;1641.88039;31244
15:10:08;0.9936;0.58013766;bad;bad;904.42759;921.6;2435.492;7601.782744;7557.85;1747.63889;31825
15:16:00;0.4266;0.58013766;bad;good;896.835992;910.5;2345.7131;7492.190033;7650.2;1627.41093;30335
15:21:52;1.449;0.577073552;bad;bad;918.0106933;911.4;2465.3459;7611.8897;7585.5;1756.06546;30837
15:27:44;1.0152;0.576735093;bad;bad;914.698571;930.36;2360.4847;7496.154689;7577.85;1632.99723;30850
15:33:36;0.423;0.576735093;bad;good;912.76427;903;2465.3379;7670.4214;7613.9;1789.77733;30823
15:39:28;1.7838;0.574041642;bad;bad;905.834211;920.1;2421.6022;7575.5334;7550.39;1543.61192;31100
15:45:20;0.4284;0.574041642;bad;good;907.43033;926.1;2345.3742;7619.132444;7612.46;1656.43042;31681
15:51:12;0.4428;0.574041642;bad;good;903.693892;919.8;2405.9453;7637.7358;7592.64;1622.23599;31164
15:57:04;1.0098;0.574041642;bad;bad;902.57979;917.4;2346.0851;7550.282489;7550.44;1658.18056;31193
16:02:56;0.5202;0.574041642;bad;good;906.405141;923.4;2390.4261;7576.732544;7578.98;1592.59065;31161
16:08:48;1.3968;0.572038007;bad;bad;900.9392;886.5;2345.9105;7544.047144;7546.7;1634.87123;31150
16:14:40;0.9972;0.572038007;bad;bad;908.881133;914.7;2405.8371;7583.9833;7592.035;1652.58448;31188
16:20:32;1.0134;0.572038007;bad;bad;914.8867;934.2;2330.7903;7594.677344;7579.94;1710.40529;31568
16:26:24;0.4176;0.572038007;bad;good;918.772922;936.6;2420.0548;7501.1901;7506.73;1640.52795;31091
16:32:16;0.7686;0.572038007;bad;bad;909.0434;927.48;2346.075;7660.5334;7581.28;1679.97112;31098
16:38:08;1.8252;0.569058642;bad;bad;914.653022;929.4;2390.4226;7568.6025;7580.44;1629.54242;31183
16:44:00;1.0422;0.563192058;bad;bad;909.4686;909.6;2405.4465;7544.2758;7487.98;1597.80251;31143
16:49:52;1.8342;0.550578574;bad;bad;910.90426;930.3;2346.1951;7509.906544;7501.86;1631.60437;31651
16:55:44;1.7892;0.538050488;bad;bad;912.05966;898.44;2420.5514;7574.3064;7553.42;1610.95522;31649
17:01:36;0.486;0.538050488;bad;good;904.10512;912.9;2346.1044;7626.3275;7558.46;1647.57525;31657
17:07:28;0.9864;0.538050488;bad;bad;913.453311;930;2420.9107;7575.6339;7559.71;1585.94189;31143
17:13:20;0.4392;0.538050488;bad;good;907.43058;925.8;2345.7731;7504.348844;7517.61;1652.35311;30687
17:19:12;1.5048;0.373764951;bad;bad;909.716231;925.5;2346.1953;7556.590044;7575.54;1583.26473;31107
17:25:04;0.621;0.373764951;bad;good;906.49308;921.3;2406.0207;7610.12302;7605.03;1600.16817;31164
17:30:56;0.8334;0.373764951;bad;bad;899.34238;912;2346.2999;7538.911044;7520.38;1661.12512;31637
17:36:48;0.4338;0.373764951;bad;good;908.017061;924.9;2405.8752;7624.5612;7592.1;1568.89098;31082
17:42:40;1.0116;0.373764951;bad;bad;903.46078;919.8;2330.3642;7609.0339;7559.57;1716.36243;31144
17:48:32;1.134;0.367318257;bad;bad;918.860571;910.8;2421.0861;7536.2101;7519.62;1667.95216;31111
17:54:24;1.584;0.333797748;bad;bad;917.5125;906.9;2345.7249;7650.499;7580.26;1639.76853;31668
18:00:16;0.9648;0.333797748;bad;bad;916.632122;905.1;2421.2837;7567.210344;7562.44;1649.30954;31289
18:06:08;0.3816;0.337260337;bad;good;509.9789;510;11685.6364;3484.9658;3485;2092.78371;30420
18:12:00;0.4086;0.333797748;bad;good;495.0023;495;11776.6663;3495.004;3495;2099.55619;29471
18:17:52;0.387;0.333797748;bad;good;494.9998;495;11657.1019;3519.8084;3520;2204.20078;31033
18:23:44;0.4176;0.331469183;bad;good;494.998;495;11924.9839;3520.0021;3520;2156.32374;30406
18:29:36;0.3816;0.331469183;bad;good;495.0008;495;11625.0457;3485.7443;3495;2190.15569;31095
18:35:28;0.414;0.327945655;bad;good;495.0286;495;11624.8007;3469.9952;3470;2119.53202;30402
18:41:20;0.387;0.327945655;bad;good;509.4291;510;11622.9989;3485.3817;3485;2207.20715;30978
18:47:12;0.405;0.327945655;bad;good;495.0023;495;11625.3651;3470.0223;3470;2136.84869;30957
18:53:04;0.3906;0.327945655;bad;good;494.9439919;510;11626.3334;3519.9848;3510;2181.76343;30537
18:58:56;0.414;0.327945655;bad;good;494.9972;495;11475.3668;3470.0187;3470;2176.03388;30417
19:04:48;0.387;0.327945655;bad;good;494.9992;495;11642.3506;3519.723;3520;2185.61045;30979
19:10:40;0.4086;0.327945655;bad;good;495.0313;495;11550.9496;3444.9712;3445;2018.78704;30938
19:16:32;0.414;0.327945655;bad;good;495;495;11474.9846;3444.997;3445;2152.88381;30501
19:22:24;0.3906;0.327945655;bad;good;494.9618;495;11625.4071;3485.0128;3495;2158.86779;30677
19:28:16;0.405;0.327945655;bad;good;495.0084;495;11624.9205;3469.9895;3470;2129.7301;29984
19:34:08;0.3852;0.327945655;bad;good;509.8865;510;11774.6335;3510.3285;3510;2157.82322;30389
19:40:00;0.414;0.327945655;bad;good;495.0434;495;11623.51826;3487.2152;3495;2105.58658;30984
19:45:52;0.3816;0.327945655;bad;good;494.9460975;510;11626.8164;3519.973;3510;2189.20777;30508
19:51:44;0.387;0.327945655;bad;good;509.9701;510;11626.0451;3484.9596;3485;2127.13735;29982
19:57:36;0.405;0.327945655;bad;good;495.0024;495;11625.179;3470.0273;3470;2055.17439;29458
20:03:28;0.396;0.327945655;bad;good;509.9955;510;11625.0689;3484.9798;3485;2142.82549;30989
20:09:20;0.4266;0.325575929;bad;good;495.0677;495;11626.0589;3469.9954;3470;2048.9149;30955
20:15:12;0.387;0.325575929;bad;good;497.8232;510;11485.24849;3488.0954;3485;2205.76516;30989
20:21:04;0.4266;0.325575929;bad;good;495.0576;495;11779.9757;3495.1272;3495;2069.20531;30984
20:26:56;0.3906;0.325575929;bad;good;494.941972;510;11626.5701;3519.9819;3510;2200.04077;30502
20:32:48;0.4266;0.324384787;bad;good;494.9997;480;11623.6585;3469.9944;3480;2160.11461;31041
20:38:40;0.396;0.324384787;bad;good;509.3946;510;11625.3976;3485.0027;3485;2158.03291;31642
20:44:32;0.423;0.321989838;bad;good;495.0225;495;11776.509;3495.4284;3495;2135.88012;31512
20:50:24;0.4086;0.321989838;bad;good;494.9953;495;11699.6905;3518.2357;3520;2161.85914;31552
20:56:16;0.4356;0.321989838;bad;good;495.0296;495;11778.0914;3495.0271;3495;2093.008;31902
21:02:08;0.405;0.321989838;bad;good;494.9833;495;11700.2356;3511.5809;3520;2162.82617;31331
21:08:00;0.45;0.321989838;bad;good;494.9972;495;11775.0932;3494.9925;3495;2127.2935;30623
21:13:52;0.4086;0.321989838;bad;good;509.3587;510;11625.3928;3485.024;3485;2129.05227;31516
21:19:44;0.432;0.321989838;bad;good;494.9994;495;11625.0348;3469.9984;3470;2153.52883;31077
21:25:36;0.4086;0.321989838;bad;good;494.9449275;510;11627.9098;3519.9195;3510;2173.94013;30726
21:31:28;0.4356;0.319577849;bad;good;480.0570564;495;11644.2695;3498.8883;3495;2107.4175;31964
21:37:20;0.405;0.319577849;bad;good;509.9342;510;11626.2549;3484.9664;3485;2159.1082;31625
21:43:12;0.3996;0.319577849;bad;good;494.9991;495;11667.3747;3519.3295;3520;2219.59899;31498
21:49:04;0.45;0.319577849;bad;good;480.443963;495;11420.254;3447.5633;3445;2112.71431;31687
21:54:56;0.4176;0.319577849;bad;good;497.21033;510;11485.09692;3488.05;3485;2171.44116;31595
22:00:48;0.432;0.319577849;bad;good;495.0023;495;11625.4764;3470.0652;3470;2148.83175;31563
22:06:40;0.432;0.319577849;bad;good;495.0012;495;11650.8339;3519.4548;3520;2222.15069;31151
22:12:32;0.4536;0.318365407;bad;good;495.1394;495;11629.8405;3470.0842;3470;2107.4715;31047
22:18:24;0.441;0.315927515;bad;good;480.060866;495;11480.10469;3473.8204;3470;2200.02688;31551
22:24:16;0.3996;0.315927515;bad;good;499.36199;510;11636.578;3486.9478;3485;2110.98689;31561
22:30:08;0.4302;0.315927515;bad;good;480.0062;495;11548.21455;3444.9996;3445;2119.3192;31095
22:36:00;0.414;0.315927515;bad;good;494.9914;495;11700.1725;3513.846;3520;2155.74471;31609
22:41:52;0.4302;0.315927515;bad;good;495.0287;495;11774.9789;3494.9817;3495;2121.638;31324
22:47:44;0.396;0.315927515;bad;good;509.7966;510;11625.8366;3484.9575;3485;2137.78052;31600
22:53:36;0.4302;0.315927515;bad;good;495.002;495;11625.1652;3469.9897;3470;2066.61203;31090
